provider,latitude,longitude,parameter
airnow,33.553056,-86.815,no2
airnow,33.521427,-86.844112,no2
airnow,33.48378,-112.14256,no2
airnow,33.45797,-112.04659,no2
airnow,33.36985,-112.62068,no2
airnow,33.46173,-112.12796,no2
airnow,33.41046,-112.00264,no2
airnow,33.503833,-112.095767,no2
airnow,32.204411,-110.878067,no2
airnow,32.29515,-110.9823,no2
airnow,32.194671,-111.033167,no2
airnow,35.197288,-90.193141,no2
airnow,34.756189,-92.281296,no2
airnow,37.687526,-121.784217,no2
airnow,37.743065,-122.169935,no2
airnow,37.814781,-122.282347,no2
airnow,37.793624,-122.263376,no2
airnow,37.864767,-122.302741,no2
airnow,37.701222,-121.903019,no2
airnow,37.68975,-121.77155,no2
airnow,39.76168,-121.84047,no2
airnow,37.936013,-122.026154,no2
airnow,38.006311,-121.641918,no2
airnow,37.9604,-122.356811,no2
airnow,37.743649,-121.934188,no2
airnow,36.705474,-119.741332,no2
airnow,36.78538,-119.77321,no2
airnow,36.841592,-119.874739,no2
airnow,36.710833,-119.7775,no2
airnow,36.597442,-119.503659,no2
airnow,36.819449,-119.716433,no2
airnow,40.77678,-124.17949,no2
airnow,32.67618,-115.48307,no2
airnow,32.79222,-115.56306,no2
airnow,35.345607,-118.851825,no2
airnow,35.356615,-119.062613,no2
airnow,35.331612,-118.999961,no2
airnow,35.376953,-119.043889,no2
airnow,35.503587,-119.272606,no2
airnow,36.31567,-119.643447,no2
airnow,34.14435,-117.85036,no2
airnow,34.05111,-118.45636,no2
airnow,34.06659,-118.22688,no2
airnow,34.19925,-118.53276,no2
airnow,33.901389,-118.205,no2
airnow,34.01029,-118.0685,no2
airnow,34.06703,-117.7514,no2
airnow,34.1326,-118.1272,no2
airnow,33.859662,-118.200707,no2
airnow,33.793713,-118.171019,no2
airnow,34.181977,-118.363036,no2
airnow,34.38344,-118.5284,no2
airnow,34.725389,-118.178601,no2
airnow,36.867125,-120.010158,no2
airnow,37.97231,-122.520004,no2
airnow,36.694261,-121.623271,no2
airnow,33.83062,-117.93845,no2
airnow,33.819305,-117.918759,no2
airnow,33.92513,-117.95264,no2
airnow,38.74643,-121.26498,no2
airnow,33.92086,-116.85841,no2
airnow,33.85275,-116.54101,no2
airnow,33.99958,-117.41601,no2
airnow,33.99636,-117.4924,no2
airnow,33.67649,-117.33098,no2
airnow,38.613779,-121.368014,no2
airnow,38.56844,-121.49311,no2
airnow,38.302591,-121.420838,no2
airnow,38.683304,-121.164457,no2
airnow,38.593322,-121.503795,no2
airnow,34.89405,-117.02471,no2
airnow,34.06812,-117.52579,no2
airnow,34.030833,-117.61722,no2
airnow,34.510961,-117.32554,no2
airnow,35.77446,-117.3721,no2
airnow,34.10002,-117.49201,no2
airnow,34.106678,-117.274063,no2
airnow,32.631242,-117.059088,no2
airnow,32.842318,-116.768293,no2
airnow,33.217046,-117.396249,no2
airnow,32.578165,-116.921374,no2
airnow,32.845709,-117.123964,no2
airnow,32.985428,-117.082198,no2
airnow,32.789565,-116.944308,no2
airnow,32.552824,-117.047345,no2
airnow,32.710177,-117.142665,no2
airnow,37.765946,-122.399044,no2
airnow,37.961578,-121.281414,no2
airnow,37.682635,-121.442495,no2
airnow,35.03146,-120.50103,no2
airnow,35.49453,-120.66617,no2
airnow,37.482934,-122.20337,no2
airnow,34.725352,-120.428717,no2
airnow,34.54166,-119.79146,no2
airnow,34.403052,-119.457914,no2
airnow,34.48974,-120.04692,no2
airnow,34.63782,-120.4575,no2
airnow,37.348497,-121.894898,no2
airnow,37.338135,-121.849783,no2
airnow,38.102507,-122.237976,no2
airnow,38.403765,-122.818294,no2
airnow,37.488317,-120.836008,no2
airnow,39.138773,-121.618549,no2
airnow,36.30815,-119.3129,no2
airnow,34.276316,-118.683685,no2
airnow,34.25239,-119.143182,no2
airnow,38.53445,-121.7734,no2
airnow,39.838119,-104.94984,no2
airnow,37.205862,-107.254118,no2
airnow,39.751184,-104.987625,no2
airnow,39.77949,-105.00518,no2
airnow,39.73217,-105.0153,no2
airnow,39.7861,-104.9886,no2
airnow,39.43806,-108.02611,no2
airnow,40.5506,-106.385,no2
airnow,39.912799,-105.188587,no2
airnow,37.30389,-107.484167,no2
airnow,37.13678,-107.62863,no2
airnow,37.10258,-107.870219,no2
airnow,40.48346,-105.01618,no2
airnow,40.515109,-104.949932,no2
airnow,40.086944,-108.761389,no2
airnow,39.8723,-108.2183,no2
airnow,40.181625,-104.72613,no2
airnow,40.2614,-104.70645,no2
airnow,41.118333,-73.336667,no2
airnow,41.771444,-72.679923,no2
airnow,41.784722,-72.631667,no2
airnow,41.3014,-72.902871,no2
airnow,39.739441,-75.557534,no2
airnow,38.895572,-76.958072,no2
airnow,38.921847,-77.013178,no2
airnow,38.970092,-77.016715,no2
airnow,38.89477,-76.953426,no2
airnow,26.053889,-80.256944,no2
airnow,26.132677,-80.169817,no2
airnow,26.087567,-80.111152,no2
airnow,30.356339,-81.635396,no2
airnow,30.262778,-81.606833,no2
airnow,27.955133,-82.469532,no2
airnow,27.96565,-82.2304,no2
airnow,25.899539,-80.38259,no2
airnow,25.732878,-80.16175,no2
airnow,25.785472,-80.284206,no2
airnow,28.53417,-81.38492,no2
airnow,28.446308,-81.417439,no2
airnow,28.596389,-81.3625,no2
airnow,27.785866,-82.739875,no2
airnow,27.834409,-82.665251,no2
airnow,33.6878,-84.2905,no2
airnow,33.698643,-84.272614,no2
airnow,33.7784,-84.3914,no2
airnow,21.323745,-158.088613,no2
airnow,43.600699,-116.347853,no2
airnow,41.7514,-87.713488,no2
airnow,41.57862,-87.557406,no2
airnow,41.920009,-87.672995,no2
airnow,41.965193,-87.876265,no2
airnow,41.855243,-87.75247,no2
airnow,42.139996,-87.799227,no2
airnow,39.396075,-89.809739,no2
airnow,38.612034,-90.160477,no2
airnow,41.606662,-87.304943,no2
airnow,39.810833,-86.114444,no2
airnow,39.787933,-86.13088,no2
airnow,41.69666,-86.214722,no2
airnow,38.013333,-87.577222,no2
airnow,41.603159,-93.643118,no2
airnow,41.530011,-90.587611,no2
airnow,40.695078,-92.006318,no2
airnow,37.67696,-95.47594,no2
airnow,37.702066,-97.314847,no2
airnow,37.47689,-97.366399,no2
airnow,38.770081,-99.763424,no2
airnow,39.117219,-94.635605,no2
airnow,38.45934,-82.64041,no2
airnow,39.021881,-84.47445,no2
airnow,37.771671,-87.055819,no2
airnow,38.06503,-84.49761,no2
airnow,38.22876,-85.65452,no2
airnow,38.1936,-85.7119,no2
airnow,37.08727,-88.60801,no2
airnow,30.229653,-90.965628,no2
airnow,30.262347,-93.284906,no2
airnow,30.461981,-91.179219,no2
airnow,30.700895,-91.056068,no2
airnow,30.221255,-91.315418,no2
airnow,30.041238,-90.272826,no2
airnow,30.315406,-90.811383,no2
airnow,29.996013,-90.11819,no2
airnow,30.500642,-91.213556,no2
airnow,46.696431,-68.033006,no2
airnow,43.660246,-70.268965,no2
airnow,39.371679,-76.746814,no2
airnow,39.310833,-76.474444,no2
airnow,39.70595,-79.012,no2
airnow,39.14313,-76.84611,no2
airnow,39.055277,-76.878333,no2
airnow,39.33746,-76.58905,no2
airnow,42.452299,-73.239648,no2
airnow,42.474642,-70.970816,no2
airnow,42.19438,-72.555112,no2
airnow,42.120229,-72.584503,no2
airnow,42.298493,-72.334079,no2
airnow,42.612085,-71.306986,no2
airnow,42.241229,-70.963346,no2
airnow,42.211774,-71.11397,no2
airnow,42.348873,-71.097163,no2
airnow,42.3295,-71.0826,no2
airnow,42.325186,-71.056061,no2
airnow,42.263955,-71.794322,no2
airnow,42.76138,-84.562867,no2
airnow,42.984173,-85.671339,no2
airnow,42.885368,-85.679765,no2
airnow,44.310555,-84.891865,no2
airnow,42.302778,-83.106667,no2
airnow,42.43084,-83.000138,no2
airnow,42.385998,-83.266189,no2
airnow,42.312158,-83.091943,no2
airnow,42.295824,-83.129431,no2
airnow,42.312078,-83.103469,no2
airnow,42.393574,-83.431948,no2
airnow,42.388405,-82.979793,no2
airnow,45.13768,-93.207615,no2
airnow,44.76323,-93.03255,no2
airnow,44.77553,-93.06299,no2
airnow,44.706123,-93.285803,no2
airnow,44.965242,-93.254759,no2
airnow,47.523355,-92.536305,no2
airnow,30.378287,-88.53393,no2
airnow,39.104686,-94.57079,no2
airnow,39.474976,-91.788991,no2
airnow,38.75264,-90.44884,no2
airnow,38.656429,-90.198348,no2
airnow,38.63114,-90.28115,no2
airnow,46.411389,-105.812778,no2
airnow,47.048537,-109.455315,no2
airnow,44.657014,-111.089618,no2
airnow,47.8679,-104.676944,no2
airnow,45.668052,-106.519466,no2
airnow,45.603053,-106.464744,no2
airnow,45.648328,-106.557247,no2
airnow,45.806311,-108.425978,no2
airnow,36.270592,-115.238282,no2
airnow,36.141875,-115.078742,no2
airnow,36.163962,-115.11393,no2
airnow,36.139707,-115.175654,no2
airnow,36.174365,-115.13977,no2
airnow,36.214465,-115.091437,no2
airnow,39.521933,-119.7954,no2
airnow,42.862531,-71.38014,no2
airnow,40.85355,-73.96618,no2
airnow,39.934559,-75.125219,no2
airnow,39.923969,-75.122317,no2
airnow,39.422273,-75.025204,no2
airnow,40.67025,-74.126081,no2
airnow,40.731645,-74.066308,no2
airnow,40.462182,-74.429439,no2
airnow,40.787628,-74.676301,no2
airnow,40.64144,-74.208365,no2
airnow,40.92458,-75.067815,no2
airnow,35.1343,-106.5852,no2
airnow,35.01708,-106.65739,no2
airnow,35.063569,-106.647503,no2
airnow,31.796218,-106.584434,no2
airnow,31.787885,-106.683324,no2
airnow,32.380118,-104.262726,no2
airnow,32.726656,-103.122917,no2
airnow,36.742227,-107.977567,no2
airnow,36.809735,-107.652192,no2
airnow,36.035,-107.904167,no2
airnow,36.796667,-108.473138,no2
airnow,36.8071,-108.69523,no2
airnow,40.816,-73.902,no2
airnow,40.8679,-73.87809,no2
airnow,42.876907,-78.809526,no2
airnow,42.921107,-78.765825,no2
airnow,43.145013,-77.55728,no2
airnow,40.73614,-73.82153,no2
airnow,40.739264,-73.817694,no2
airnow,40.961017,-73.139046,no2
airnow,36.11094,-80.224501,no2
airnow,35.2401,-80.785683,no2
airnow,35.213171,-80.874084,no2
airnow,35.278292,-80.796996,no2
airnow,36.511708,-77.655389,no2
airnow,35.551868,-80.395039,no2
airnow,35.856111,-78.574167,no2
airnow,35.8652,-78.8197,no2
airnow,48.64193,-102.4018,no2
airnow,46.825425,-100.76821,no2
airnow,46.933754,-96.85535,no2
airnow,47.342423,-102.645864,no2
airnow,47.5812,-103.2995,no2
airnow,47.298611,-101.766944,no2
airnow,47.185833,-101.428056,no2
airnow,47.940861,-101.571583,no2
airnow,39.9679,-80.7464,no2
airnow,41.492117,-81.678449,no2
airnow,41.44013,-81.494833,no2
airnow,40.002707,-82.994424,no2
airnow,40.11107,-83.065415,no2
airnow,39.12886,-84.50404,no2
airnow,39.146025,-84.538375,no2
airnow,35.50307,-97.577981,no2
airnow,35.614131,-97.475083,no2
airnow,35.40814,-94.524413,no2
airnow,36.204902,-95.976537,no2
airnow,45.496641,-122.602877,no2
airnow,45.3992,-122.7455,no2
airnow,39.92002,-77.30968,no2
airnow,40.46542,-79.960757,no2
airnow,40.617488,-79.727664,no2
airnow,40.43743,-79.863572,no2
airnow,40.747796,-80.316442,no2
airnow,40.107222,-74.882222,no2
airnow,40.309722,-78.915,no2
airnow,40.811389,-77.877028,no2
airnow,39.835556,-75.3725,no2
airnow,42.14175,-80.038611,no2
airnow,39.917663,-79.805499,no2
airnow,41.442778,-75.623056,no2
airnow,40.628056,-75.341111,no2
airnow,39.991389,-75.080833,no2
airnow,40.054171,-74.985166,no2
airnow,39.988842,-75.207205,no2
airnow,41.644722,-76.939167,no2
airnow,40.146667,-79.902222,no2
airnow,40.268963,-80.243995,no2
airnow,39.965278,-76.699444,no2
airnow,41.771987,-71.427881,no2
airnow,41.841039,-71.36097,no2
airnow,32.882289,-79.977538,no2
airnow,32.941023,-79.657187,no2
airnow,34.843895,-82.414585,no2
airnow,34.131262,-80.868318,no2
airnow,43.59901,-96.78331,no2
airnow,44.087397,-103.273777,no2
airnow,35.63348,-83.941606,no2
airnow,36.205055,-86.74472,no2
airnow,36.1424,-86.7341,no2
airnow,35.16126,-89.87065,no2
airnow,31.088002,-97.679734,no2
airnow,29.51509,-98.620166,no2
airnow,29.632058,-98.564936,no2
airnow,29.275381,-98.311692,no2
airnow,29.529432,-98.391403,no2
airnow,29.520443,-95.392509,no2
airnow,29.043759,-95.472946,no2
airnow,32.820061,-96.860117,no2
airnow,32.919206,-96.808498,no2
airnow,32.676451,-96.87206,no2
airnow,32.92118,-96.75355,no2
airnow,33.219069,-97.196284,no2
airnow,32.175417,-96.870189,no2
airnow,31.765685,-106.455227,no2
airnow,31.746775,-106.402806,no2
airnow,29.254474,-94.861289,no2
airnow,32.378696,-94.711813,no2
airnow,29.901036,-95.326137,no2
airnow,29.802707,-95.125495,no2
airnow,30.039524,-95.673951,no2
airnow,29.834167,-95.489167,no2
airnow,29.695729,-95.499219,no2
airnow,29.686389,-95.294722,no2
airnow,29.772915,-95.395784,no2
airnow,29.758889,-95.079444,no2
airnow,29.767997,-95.220582,no2
airnow,29.733726,-95.257593,no2
airnow,29.670025,-95.128508,no2
airnow,29.583047,-95.015544,no2
airnow,29.81453,-95.38769,no2
airnow,29.7216,-95.49265,no2
airnow,32.669001,-94.167468,no2
airnow,33.153088,-96.115572,no2
airnow,30.036422,-94.071061,no2
airnow,29.863957,-94.317802,no2
airnow,29.979958,-94.004746,no2
airnow,28.88044,-97.888065,no2
airnow,32.564968,-96.317687,no2
airnow,30.350302,-95.425128,no2
airnow,32.031934,-96.399141,no2
airnow,30.085263,-93.761341,no2
airnow,32.344027,-95.415754,no2
airnow,32.987891,-97.477175,no2
airnow,32.80581,-97.356529,no2
airnow,32.664753,-97.337917,no2
airnow,32.922492,-97.282099,no2
airnow,32.98426,-97.063721,no2
airnow,32.65637,-97.088598,no2
airnow,30.354944,-97.761803,no2
airnow,30.35386,-97.69166,no2
airnow,29.1307,-98.1481,no2
airnow,41.485007,-112.021476,no2
airnow,41.945874,-112.233973,no2
airnow,41.842649,-111.852199,no2
airnow,39.59575,-110.770111,no2
airnow,40.902967,-111.884467,no2
airnow,40.294178,-110.009732,no2
airnow,40.216779,-110.182742,no2
airnow,38.566055,-109.53716,no2
airnow,37.74743,-113.055525,no2
airnow,40.598056,-111.894167,no2
airnow,40.736389,-111.872222,no2
airnow,40.78422,-111.931,no2
airnow,40.496392,-112.036298,no2
airnow,40.709762,-112.00876,no2
airnow,40.777145,-111.945849,no2
airnow,40.807897,-112.087717,no2
airnow,40.766528,-111.82835,no2
airnow,40.662961,-111.901851,no2
airnow,40.60055,-112.35578,no2
airnow,40.46471,-109.561472,no2
airnow,40.206291,-109.353932,no2
airnow,40.05671,-109.688108,no2
airnow,40.483598,-109.906796,no2
airnow,40.341389,-111.713611,no2
airnow,40.136378,-111.657936,no2
airnow,40.497962,-111.39763,no2
airnow,37.179125,-113.305096,no2
airnow,41.303614,-111.987871,no2
airnow,43.608056,-72.982778,no2
airnow,38.8577,-77.05922,no2
airnow,37.34438,-77.25925,no2
airnow,38.76835,-77.18347,no2
airnow,37.55652,-77.40027,no2
airnow,39.02473,-77.48925,no2
airnow,38.85287,-77.63462,no2
airnow,37.28342,-79.88452,no2
airnow,38.47753,-78.81952,no2
airnow,37.103733,-76.387017,no2
airnow,36.85555,-76.30135,no2
airnow,37.59088,-77.46925,no2
airnow,47.597222,-122.319722,no2
airnow,47.568236,-122.308628,no2
airnow,47.22634,-122.46256,no2
airnow,42.50472,-87.8093,no2
airnow,42.93257,-87.93434,no2
airnow,43.09456,-87.90144,no2
airnow,44.6522,-105.2903,no2
airnow,41.79358,-107.08422,no2
airnow,43.101281,-105.498931,no2
airnow,42.529999,-108.720003,no2
airnow,43.081667,-107.549444,no2
airnow,43.87483,-106.50974,no2
airnow,41.08536,-104.52277,no2
airnow,41.182227,-104.778334,no2
airnow,41.783083,-110.53788,no2
airnow,42.82231,-106.36501,no2
airnow,42.8608,-106.23586,no2
airnow,44.803888,-106.961388,no2
airnow,42.719,-109.753,no2
airnow,42.7907,-110.0551,no2
airnow,42.869824,-109.87076,no2
airnow,42.486361,-110.098861,no2
airnow,42.373499,-109.560498,no2
airnow,41.588856,-109.237842,no2
airnow,41.677667,-108.024835,no2
airnow,41.750556,-109.788333,no2
airnow,44.373056,-110.830833,no2
airnow,30.497478,-87.880258,ozone
airnow,34.289001,-85.970065,ozone
airnow,32.53568,-86.255193,ozone
airnow,33.98821,-85.992556,ozone
airnow,33.553056,-86.815,ozone
airnow,33.485556,-86.915,ozone
airnow,33.331111,-87.003611,ozone
airnow,33.545278,-86.549167,ozone
airnow,33.499722,-86.924167,ozone
airnow,33.578333,-86.773889,ozone
airnow,34.68547,-86.58816,ozone
airnow,34.772727,-86.756174,ozone
airnow,30.770181,-88.087761,ozone
airnow,30.474305,-88.141022,ozone
airnow,32.412811,-86.263394,ozone
airnow,34.530717,-86.967536,ozone
airnow,32.437028,-84.999653,ozone
airnow,33.317142,-86.825754,ozone
airnow,32.362606,-88.277992,ozone
airnow,33.095379,-87.481507,ozone
airnow,63.7232,-148.9676,ozone
airnow,64.84569,-147.727413,ozone
airnow,32.00941,-109.38906,ozone
airnow,35.206111,-111.652777,ozone
airnow,35.204452,-111.65109,ozone
airnow,36.05864,-112.1836,ozone
airnow,33.6547,-111.1074,ozone
airnow,33.802,-110.918,ozone
airnow,34.2439,-113.5586,ozone
airnow,33.48378,-112.14256,ozone
airnow,33.41018,-111.86536,ozone
airnow,33.56031,-112.06619,ozone
airnow,33.45244,-111.73327,ozone
airnow,33.57453,-112.19193,ozone
airnow,33.70639,-111.85575,ozone
airnow,33.45797,-112.04659,ozone
airnow,33.47968,-111.91721,ozone
airnow,33.40314,-112.07526,ozone
airnow,33.29896,-111.88426,ozone
airnow,33.41123,-111.93471,ozone
airnow,33.82169,-112.01726,ozone
airnow,33.63718,-112.34185,ozone
airnow,33.36985,-112.62068,ozone
airnow,33.629246,-111.676928,ozone
airnow,33.290229,-112.160597,ozone
airnow,33.507992,-111.755334,ozone
airnow,33.474609,-111.805769,ozone
airnow,33.508125,-111.83852,ozone
airnow,33.9828,-111.79871,ozone
airnow,33.54558,-111.60972,ozone
airnow,33.61092,-111.72534,ozone
airnow,33.503833,-112.095767,ozone
airnow,32.174538,-110.737116,ozone
airnow,32.204411,-110.878067,ozone
airnow,32.425261,-111.06352,ozone
airnow,32.04767,-110.774357,ozone
airnow,32.29515,-110.9823,ozone
airnow,31.87952,-110.99644,ozone
airnow,32.172995,-110.980134,ozone
airnow,32.38082,-111.12716,ozone
airnow,33.4214,-111.5436,ozone
airnow,32.954361,-111.76225,ozone
airnow,32.508306,-111.308056,ozone
airnow,33.081704,-111.752943,ozone
airnow,33.031038,-112.078111,ozone
airnow,33.293465,-111.285594,ozone
airnow,34.612055,-112.463213,ozone
airnow,32.690278,-114.61444,ozone
airnow,34.1795,-93.0988,ozone
airnow,35.197288,-90.193141,ozone
airnow,35.832726,-93.20826,ozone
airnow,34.454514,-94.143521,ozone
airnow,34.756189,-92.281296,ozone
airnow,34.835721,-92.260581,ozone
airnow,36.1797,-94.116827,ozone
airnow,36.011703,-94.167436,ozone
airnow,37.687526,-121.784217,ozone
airnow,37.743065,-122.169935,ozone
airnow,37.814781,-122.282347,ozone
airnow,37.68975,-121.77155,ozone
airnow,37.654456,-122.031547,ozone
airnow,38.342606,-120.764426,ozone
airnow,39.76168,-121.84047,ozone
airnow,39.75786,-121.60791,ozone
airnow,38.20185,-120.680277,ozone
airnow,39.18919,-121.99887,ozone
airnow,37.936013,-122.026154,ozone
airnow,38.006311,-121.641918,ozone
airnow,37.9604,-122.356811,ozone
airnow,37.743649,-121.934188,ozone
airnow,38.81161,-120.033084,ozone
airnow,38.890941,-121.003373,ozone
airnow,38.73196,-120.81162,ozone
airnow,36.705474,-119.741332,ozone
airnow,36.78538,-119.77321,ozone
airnow,36.841592,-119.874739,ozone
airnow,36.985119,-119.658339,ozone
airnow,36.634225,-120.382331,ozone
airnow,36.597442,-119.503659,ozone
airnow,36.819449,-119.716433,ozone
airnow,39.53387,-122.190834,ozone
airnow,40.77678,-124.17949,ozone
airnow,32.67618,-115.48307,ozone
airnow,32.79222,-115.56306,ozone
airnow,33.0325,-115.62361,ozone
airnow,33.213611,-115.54528,ozone
airnow,37.360684,-118.330783,ozone
airnow,36.508611,-116.847778,ozone
airnow,37.362137,-118.417478,ozone
airnow,35.345607,-118.851825,ozone
airnow,35.051454,-119.40262,ozone
airnow,35.356615,-119.062613,ozone
airnow,35.04944,-118.18893,ozone
airnow,35.438035,-119.016787,ozone
airnow,35.331612,-118.999961,ozone
airnow,35.23918,-118.78863,ozone
airnow,35.503587,-119.272606,ozone
airnow,36.31567,-119.643447,ozone
airnow,39.01893,-122.91333,ozone
airnow,34.14435,-117.85036,ozone
airnow,34.05111,-118.45636,ozone
airnow,34.06659,-118.22688,ozone
airnow,34.19925,-118.53276,ozone
airnow,33.901389,-118.205,ozone
airnow,34.01029,-118.0685,ozone
airnow,34.06703,-117.7514,ozone
airnow,34.1326,-118.1272,ozone
airnow,33.793713,-118.171019,ozone
airnow,34.181977,-118.363036,ozone
airnow,34.38344,-118.5284,ozone
airnow,34.725389,-118.178601,ozone
airnow,36.867125,-120.010158,ozone
airnow,36.953256,-120.034203,ozone
airnow,37.97231,-122.520004,ozone
airnow,37.71325,-119.7062,ozone
airnow,37.54377,-119.83957,ozone
airnow,39.14566,-123.20298,ozone
airnow,39.125276,-123.202448,ozone
airnow,37.289732,-120.429718,ozone
airnow,36.48187,-121.73333,ozone
airnow,36.209286,-121.126371,ozone
airnow,36.694261,-121.623271,ozone
airnow,39.233477,-121.055608,ozone
airnow,33.83062,-117.93845,ozone
airnow,33.92513,-117.95264,ozone
airnow,38.93568,-121.09959,ozone
airnow,39.100174,-120.953832,ozone
airnow,38.74643,-121.26498,ozone
airnow,39.166017,-120.148833,ozone
airnow,38.867937,-121.338353,ozone
airnow,33.747236,-115.820124,ozone
airnow,33.92086,-116.85841,ozone
airnow,33.583018,-117.072202,ozone
airnow,33.944713,-116.830074,ozone
airnow,33.72537,-116.206842,ozone
airnow,33.85275,-116.54101,ozone
airnow,33.99958,-117.41601,ozone
airnow,33.99636,-117.4924,ozone
airnow,33.67649,-117.33098,ozone
airnow,33.61235,-114.60209,ozone
airnow,38.613779,-121.368014,ozone
airnow,38.56844,-121.49311,ozone
airnow,38.302591,-121.420838,ozone
airnow,38.683304,-121.164457,ozone
airnow,38.494475,-121.211131,ozone
airnow,36.843425,-121.3621,ozone
airnow,36.48324,-121.15688,ozone
airnow,34.89405,-117.02471,ozone
airnow,34.2431,-117.27235,ozone
airnow,34.510961,-117.32554,ozone
airnow,35.77446,-117.3721,ozone
airnow,34.10002,-117.49201,ozone
airnow,34.41651,-117.28563,ozone
airnow,34.05977,-117.14731,ozone
airnow,34.06957,-116.38893,ozone
airnow,34.106678,-117.274063,ozone
airnow,32.631242,-117.059088,ozone
airnow,32.842318,-116.768293,ozone
airnow,33.217046,-117.396249,ozone
airnow,32.578165,-116.921374,ozone
airnow,32.845709,-117.123964,ozone
airnow,32.789565,-116.944308,ozone
airnow,32.710177,-117.142665,ozone
airnow,33.362593,-117.09023,ozone
airnow,32.725189,-116.36441,ozone
airnow,37.765946,-122.399044,ozone
airnow,37.961578,-121.281414,ozone
airnow,37.682635,-121.442495,ozone
airnow,35.614668,-120.656912,ozone
airnow,35.361589,-120.836819,ozone
airnow,35.03146,-120.50103,ozone
airnow,35.49453,-120.66617,ozone
airnow,35.64368,-120.23135,ozone
airnow,35.35472,-120.04019,ozone
airnow,37.482934,-122.20337,ozone
airnow,34.427775,-119.691218,ozone
airnow,34.890667,-120.432844,ozone
airnow,34.725352,-120.428717,ozone
airnow,34.54166,-119.79146,ozone
airnow,34.403052,-119.457914,ozone
airnow,34.48974,-120.04692,ozone
airnow,34.63782,-120.4575,ozone
airnow,34.44551,-119.8284,ozone
airnow,34.605819,-120.075069,ozone
airnow,36.999571,-121.574684,ozone
airnow,37.348497,-121.894898,ozone
airnow,37.226862,-121.979675,ozone
airnow,37.079379,-121.600031,ozone
airnow,36.98332,-121.98822,ozone
airnow,40.55013,-122.38092,ozone
airnow,40.689253,-122.402194,ozone
airnow,40.53999,-121.57646,ozone
airnow,41.726892,-122.633579,ozone
airnow,38.102507,-122.237976,ozone
airnow,38.227066,-122.075624,ozone
airnow,38.35655,-121.94986,ozone
airnow,38.403765,-122.818294,ozone
airnow,37.642165,-120.994212,ozone
airnow,37.488317,-120.836008,ozone
airnow,39.138773,-121.618549,ozone
airnow,39.205572,-121.820362,ozone
airnow,40.262072,-122.092766,ozone
airnow,40.17093,-122.25556,ozone
airnow,36.566128,-118.7777,ozone
airnow,36.48947,-118.82915,ozone
airnow,36.30815,-119.3129,ozone
airnow,36.031831,-119.055018,ozone
airnow,37.98178,-120.378551,ozone
airnow,34.210169,-118.870509,ozone
airnow,34.404281,-118.80998,ozone
airnow,34.44806,-119.2313,ozone
airnow,34.276316,-118.683685,ozone
airnow,34.25239,-119.143182,ozone
airnow,38.53445,-121.7734,ozone
airnow,38.66121,-121.73269,ozone
airnow,39.838119,-104.94984,ozone
airnow,39.567887,-104.957193,ozone
airnow,39.638522,-104.569335,ozone
airnow,37.205862,-107.254118,ozone
airnow,40.070016,-105.220238,ozone
airnow,38.91,-106.001,ozone
airnow,39.643,-105.592,ozone
airnow,39.794391,-105.76398,ozone
airnow,39.751184,-104.987625,ozone
airnow,39.77949,-105.00518,ozone
airnow,39.534488,-105.070358,ozone
airnow,38.958341,-104.817215,ozone
airnow,38.853097,-104.901289,ozone
airnow,39.54182,-107.784125,ozone
airnow,40.085,-107.312,ozone
airnow,39.426,-107.38,ozone
airnow,39.43806,-108.02611,ozone
airnow,39.4125,-107.23056,ozone
airnow,39.598,-108.805,ozone
airnow,39.792519,-105.49127,ozone
airnow,40.058,-106.37,ozone
airnow,39.09,-107.234,ozone
airnow,38.9564,-106.9858,ozone
airnow,40.5506,-106.385,ozone
airnow,39.912799,-105.188587,ozone
airnow,39.743724,-105.177989,ozone
airnow,39.620408,-105.33872,ozone
airnow,37.30389,-107.484167,ozone
airnow,37.13678,-107.62863,ozone
airnow,37.10258,-107.870219,ozone
airnow,40.829,-105.752,ozone
airnow,40.27813,-105.54564,ozone
airnow,40.592543,-105.141122,ozone
airnow,40.48346,-105.01618,ozone
airnow,40.515109,-104.949932,ozone
airnow,40.57747,-105.07892,ozone
airnow,39.130575,-108.313835,ozone
airnow,38.93,-108.23,ozone
airnow,37.350054,-108.592334,ozone
airnow,37.1984,-108.49046,ozone
airnow,37.20006,-108.7331,ozone
airnow,39.417,-105.755,ozone
airnow,38.30333,-104.7225,ozone
airnow,40.086944,-108.761389,ozone
airnow,39.8723,-108.2183,ozone
airnow,38.132,-108.285,ozone
airnow,40.386368,-104.73744,ozone
airnow,40.65,-104.33,ozone
airnow,40.813,-104.036,ozone
airnow,40.181625,-104.72613,ozone
airnow,40.2614,-104.70645,ozone
airnow,41.004657,-73.585128,ozone
airnow,41.399167,-73.443056,ozone
airnow,41.1525,-73.103056,ozone
airnow,41.118333,-73.336667,ozone
airnow,41.784722,-72.631667,ozone
airnow,41.821342,-73.297257,ozone
airnow,41.55,-72.626,ozone
airnow,41.3014,-72.902871,ozone
airnow,41.256788,-72.55327,ozone
airnow,41.35362,-72.07882,ozone
airnow,41.976389,-72.388056,ozone
airnow,41.84046,-72.010368,ozone
airnow,38.986681,-75.556818,ozone
airnow,39.551279,-75.732015,ozone
airnow,39.800423,-75.57634,ozone
airnow,39.773913,-75.496513,ozone
airnow,39.739441,-75.557534,ozone
airnow,38.65392,-75.610605,ozone
airnow,38.779077,-75.163269,ozone
airnow,38.895572,-76.958072,ozone
airnow,38.921847,-77.013178,ozone
airnow,38.970092,-77.016715,ozone
airnow,29.566112,-82.26608,ozone
airnow,30.201111,-82.441111,ozone
airnow,30.130433,-85.731517,ozone
airnow,28.053611,-80.628611,ozone
airnow,28.310841,-80.61533,ozone
airnow,26.073536,-80.33845,ozone
airnow,26.053889,-80.256944,ozone
airnow,26.291088,-80.096353,ozone
airnow,26.087567,-80.111152,ozone
airnow,26.270083,-81.710959,ozone
airnow,30.178056,-82.619167,ozone
airnow,30.477725,-81.587339,ozone
airnow,30.260278,-81.453611,ozone
airnow,30.378217,-81.8409,ozone
airnow,30.525367,-87.20355,ozone
airnow,30.36805,-87.270967,ozone
airnow,29.489083,-81.276833,ozone
airnow,27.189215,-81.34035,ozone
airnow,27.740033,-82.465146,ozone
airnow,27.928356,-82.454539,ozone
airnow,27.892523,-82.538429,ozone
airnow,27.96565,-82.2304,ozone
airnow,30.848611,-85.603889,ozone
airnow,27.8492,-80.4554,ozone
airnow,28.523889,-81.723333,ozone
airnow,26.602016,-81.877908,ozone
airnow,26.548212,-81.981523,ozone
airnow,30.439722,-84.346389,ozone
airnow,30.1103,-84.9903,ozone
airnow,27.633089,-82.54593,ozone
airnow,27.480873,-82.618709,ozone
airnow,27.449763,-82.522041,ozone
airnow,29.170533,-82.100646,ozone
airnow,29.192754,-82.173149,ozone
airnow,27.172458,-80.240689,ozone
airnow,25.732878,-80.16175,ozone
airnow,25.587327,-80.325922,ozone
airnow,30.444369,-86.609568,ozone
airnow,28.453167,-81.397139,ozone
airnow,28.596389,-81.3625,ozone
airnow,28.347509,-81.636464,ozone
airnow,26.593808,-80.058492,ozone
airnow,26.687606,-80.219619,ozone
airnow,28.332225,-82.305643,ozone
airnow,28.195574,-82.756264,ozone
airnow,27.946688,-82.731767,ozone
airnow,27.785866,-82.739875,ozone
airnow,28.090299,-82.700707,ozone
airnow,27.939746,-82.000084,ozone
airnow,28.028889,-81.972222,ozone
airnow,27.389079,-80.311033,ozone
airnow,30.394133,-87.008033,ozone
airnow,27.307268,-82.570376,ozone
airnow,27.350278,-82.479722,ozone
airnow,27.089194,-82.362583,ozone
airnow,28.746111,-81.310556,ozone
airnow,29.206667,-81.0525,ozone
airnow,30.0925,-84.161111,ozone
airnow,32.805264,-83.543493,ozone
airnow,32.06848,-81.04942,ozone
airnow,34.474526,-85.408847,ozone
airnow,33.918137,-83.344385,ozone
airnow,34.015436,-84.607423,ozone
airnow,33.582044,-82.131249,ozone
airnow,34.376227,-84.059506,ozone
airnow,33.6878,-84.2905,ozone
airnow,33.741242,-84.776429,ozone
airnow,33.720742,-84.357316,ozone
airnow,31.169805,-81.495035,ozone
airnow,33.9632,-84.0691,ozone
airnow,33.433949,-84.161811,ozone
airnow,34.785219,-84.626423,ozone
airnow,32.521272,-84.944635,ozone
airnow,33.1787,-84.4052,ozone
airnow,33.4339,-82.0224,ozone
airnow,33.588545,-84.069608,ozone
airnow,31.954286,-84.08101,ozone
airnow,21.323745,-158.088613,ozone
airnow,21.303382,-157.871171,ozone
airnow,43.600699,-116.347853,ozone
airnow,43.577603,-116.178156,ozone
airnow,42.876725,-112.460347,ozone
airnow,43.460556,-113.562222,ozone
airnow,46.2756,-116.0216,ozone
airnow,39.915409,-91.335868,ozone
airnow,40.244913,-88.188519,ozone
airnow,40.05278,-88.37251,ozone
airnow,39.210857,-87.668297,ozone
airnow,41.670992,-87.732457,ozone
airnow,41.755832,-87.54535,ozone
airnow,41.7514,-87.713488,ozone
airnow,41.984332,-87.792002,ozone
airnow,41.66812,-87.99057,ozone
airnow,41.965193,-87.876265,ozone
airnow,41.855243,-87.75247,ozone
airnow,42.060285,-87.863225,ozone
airnow,42.139996,-87.799227,ozone
airnow,42.062053,-87.675254,ozone
airnow,41.813049,-88.072827,ozone
airnow,39.067159,-88.548934,ozone
airnow,38.082155,-88.624943,ozone
airnow,39.101439,-90.344494,ozone
airnow,42.2869,-89.9997,ozone
airnow,42.049148,-88.273029,ozone
airnow,42.465964,-87.809624,ozone
airnow,42.221442,-88.242207,ozone
airnow,40.518735,-88.996896,ozone
airnow,39.866834,-88.925594,ozone
airnow,39.396075,-89.809739,ozone
airnow,38.901362,-90.146308,ozone
airnow,38.730263,-89.950053,ozone
airnow,38.860669,-90.105851,ozone
airnow,40.68742,-89.606943,ozone
airnow,40.745504,-89.585869,ozone
airnow,38.176278,-89.788459,ozone
airnow,41.514727,-90.51735,ozone
airnow,38.612034,-90.160477,ozone
airnow,39.831522,-89.640926,ozone
airnow,41.221537,-88.190967,ozone
airnow,42.334982,-89.037775,ozone
airnow,41.221418,-85.016821,ozone
airnow,41.081864,-85.088313,ozone
airnow,39.294322,-85.766816,ozone
airnow,39.997732,-86.395394,ozone
airnow,39.263914,-86.292269,ozone
airnow,40.540455,-86.553035,ozone
airnow,38.393822,-85.664118,ozone
airnow,40.300385,-85.245862,ozone
airnow,41.716959,-85.824696,ozone
airnow,38.317813,-85.833322,ozone
airnow,38.985477,-86.990419,ozone
airnow,40.068297,-85.992451,ozone
airnow,39.758707,-86.3985,ozone
airnow,40.481347,-86.109688,ozone
airnow,38.7408,-87.4853,ozone
airnow,41.606662,-87.304943,ozone
airnow,41.639306,-87.493609,ozone
airnow,41.717762,-86.907786,ozone
airnow,41.629259,-86.68502,ozone
airnow,40.125703,-85.652184,ozone
airnow,39.858889,-86.021389,ozone
airnow,39.749027,-86.186269,ozone
airnow,39.810833,-86.114444,ozone
airnow,39.787933,-86.13088,ozone
airnow,38.115152,-86.60325,ozone
airnow,41.6175,-87.199167,ozone
airnow,41.512118,-87.036236,ozone
airnow,38.00641,-87.718354,ozone
airnow,41.551667,-86.370556,ozone
airnow,41.69666,-86.214722,ozone
airnow,41.754722,-86.11,ozone
airnow,39.613367,-85.870669,ozone
airnow,38.113889,-87.536667,ozone
airnow,38.013333,-87.577222,ozone
airnow,39.485987,-87.401312,ozone
airnow,39.558525,-87.312883,ozone
airnow,40.816038,-85.661408,ozone
airnow,38.051667,-87.278056,ozone
airnow,37.954444,-87.321667,ozone
airnow,42.743036,-92.513241,ozone
airnow,41.874999,-90.177574,ozone
airnow,41.832256,-95.928185,ozone
airnow,42.281013,-91.526879,ozone
airnow,41.97677,-91.68766,ozone
airnow,40.969112,-95.044951,ozone
airnow,43.123704,-94.693518,ozone
airnow,41.603159,-93.643118,ozone
airnow,41.849433,-93.697617,ozone
airnow,41.699174,-90.521944,ozone
airnow,41.530011,-90.587611,ozone
airnow,40.695078,-92.006318,ozone
airnow,42.55472,-96.46288,ozone
airnow,38.838575,-94.746424,ozone
airnow,39.327391,-94.95102,ozone
airnow,37.67696,-95.47594,ozone
airnow,37.702066,-97.314847,ozone
airnow,37.897506,-97.492083,ozone
airnow,39.024265,-95.711275,ozone
airnow,37.47689,-97.366399,ozone
airnow,38.770081,-99.763424,ozone
airnow,39.117219,-94.635605,ozone
airnow,36.60843,-83.73694,ozone
airnow,38.967443,-84.721363,ozone
airnow,38.45934,-82.64041,ozone
airnow,37.98629,-85.71192,ozone
airnow,39.021881,-84.47445,ozone
airnow,38.23887,-82.9881,ozone
airnow,36.91171,-87.323337,ozone
airnow,37.13179,-86.142953,ozone
airnow,38.06503,-84.49761,ozone
airnow,38.548136,-82.731163,ozone
airnow,37.93829,-86.89719,ozone
airnow,37.705612,-85.852629,ozone
airnow,38.06091,-85.89804,ozone
airnow,38.22876,-85.65452,ozone
airnow,38.182435,-85.574361,ozone
airnow,38.23158,-85.82678,ozone
airnow,37.89147,-84.58825,ozone
airnow,37.155392,-88.394024,ozone
airnow,37.08727,-88.60801,ozone
airnow,37.9214,-83.0662,ozone
airnow,38.4002,-85.44428,ozone
airnow,37.28329,-83.20932,ozone
airnow,37.4826,-82.53532,ozone
airnow,37.09798,-84.61152,ozone
airnow,36.708607,-86.566284,ozone
airnow,37.04926,-86.21487,ozone
airnow,37.7046,-85.0485,ozone
airnow,30.229653,-90.965628,ozone
airnow,32.536273,-93.74894,ozone
airnow,32.68336,-93.861582,ozone
airnow,30.140265,-93.368448,ozone
airnow,30.227798,-93.579965,ozone
airnow,30.419805,-91.182016,ozone
airnow,30.461981,-91.179219,ozone
airnow,30.700895,-91.056068,ozone
airnow,30.221255,-91.315418,ozone
airnow,30.204218,-91.126041,ozone
airnow,30.041238,-90.272826,ozone
airnow,30.22611,-92.042908,ozone
airnow,29.764098,-90.765275,ozone
airnow,30.315406,-90.811383,ozone
airnow,32.509959,-92.046196,ozone
airnow,30.681718,-91.366247,ozone
airnow,29.939614,-89.923883,ozone
airnow,30.058209,-90.863857,ozone
airnow,30.057515,-90.619286,ozone
airnow,30.088872,-91.869595,ozone
airnow,30.429381,-90.199678,ozone
airnow,30.500642,-91.213556,ozone
airnow,43.974622,-70.124608,ozone
airnow,46.696431,-68.033006,ozone
airnow,43.660246,-70.268965,ozone
airnow,43.561043,-70.207324,ozone
airnow,44.351697,-68.22698,ozone
airnow,44.37705,-68.2609,ozone
airnow,44.226737,-69.788656,ozone
airnow,43.917955,-69.26059,ozone
airnow,44.377794,-70.854697,ozone
airnow,44.735978,-68.670752,ozone
airnow,43.736277,-69.797654,ozone
airnow,44.527653,-67.615495,ozone
airnow,44.963894,-67.061325,ozone
airnow,43.58889,-70.87734,ozone
airnow,43.343167,-70.471034,ozone
airnow,39.217719,-76.636097,ozone
airnow,39.460478,-76.633543,ozone
airnow,39.310833,-76.474444,ozone
airnow,38.536722,-76.617194,ozone
airnow,39.444294,-77.042252,ozone
airnow,39.702982,-75.864771,ozone
airnow,38.508547,-76.811864,ozone
airnow,38.587525,-76.141006,ozone
airnow,38.444971,-76.111274,ozone
airnow,39.42276,-77.37519,ozone
airnow,39.70595,-79.012,ozone
airnow,39.410191,-76.296946,ozone
airnow,39.563333,-76.203889,ozone
airnow,39.305021,-75.797317,ozone
airnow,39.114313,-77.106876,ozone
airnow,39.055277,-76.878333,ozone
airnow,38.81194,-76.74417,ozone
airnow,39.0284,-76.8171,ozone
airnow,39.564178,-77.720244,ozone
airnow,39.33746,-76.58905,ozone
airnow,41.975804,-70.023598,ozone
airnow,42.452299,-73.239648,ozone
airnow,41.685707,-71.169235,ozone
airnow,41.645381,-70.897504,ozone
airnow,41.330469,-70.785225,ozone
airnow,42.474642,-70.970816,ozone
airnow,42.770837,-71.10229,ozone
airnow,42.784792,-71.107028,ozone
airnow,42.605816,-72.596689,ozone
airnow,42.19438,-72.555112,ozone
airnow,42.298493,-72.334079,ozone
airnow,42.62668,-71.362068,ozone
airnow,42.612085,-71.306986,ozone
airnow,42.241229,-70.963346,ozone
airnow,42.211774,-71.11397,ozone
airnow,42.065106,-71.012129,ozone
airnow,42.3295,-71.0826,ozone
airnow,42.274319,-71.875511,ozone
airnow,42.099699,-71.619399,ozone
airnow,42.767786,-86.148577,ozone
airnow,44.616943,-86.109408,ozone
airnow,42.19779,-86.309694,ozone
airnow,41.89557,-86.001629,ozone
airnow,42.798339,-84.393795,ozone
airnow,43.047224,-83.670159,ozone
airnow,43.168336,-83.461541,ozone
airnow,43.836388,-82.6429,ozone
airnow,42.76138,-84.562867,ozone
airnow,42.278067,-85.54189,ozone
airnow,42.984173,-85.671339,ozone
airnow,43.176672,-85.416608,ozone
airnow,41.995568,-83.946559,ozone
airnow,42.731394,-82.793463,ozone
airnow,42.51334,-83.005971,ozone
airnow,44.307,-86.242649,ozone
airnow,43.953334,-86.294415,ozone
airnow,44.310555,-84.891865,ozone
airnow,43.278061,-86.311083,ozone
airnow,42.463063,-83.183199,ozone
airnow,42.894444,-85.852778,ozone
airnow,42.953336,-82.456229,ozone
airnow,46.288877,-85.950227,ozone
airnow,43.6138,-83.3591,ozone
airnow,42.240556,-83.599722,ozone
airnow,42.416636,-83.902185,ozone
airnow,42.228611,-83.208333,ozone
airnow,42.43084,-83.000138,ozone
airnow,44.18089,-85.738985,ozone
airnow,45.40184,-93.20306,ozone
airnow,45.13768,-93.207615,ozone
airnow,46.851811,-95.846272,ozone
airnow,47.8796,-95.0166,ozone
airnow,44.1364,-93.9813,ozone
airnow,46.713694,-92.511722,ozone
airnow,46.39674,-94.1303,ozone
airnow,44.473754,-93.012611,ozone
airnow,44.965242,-93.254759,ozone
airnow,47.948622,-91.495574,ozone
airnow,44.4438,-95.81789,ozone
airnow,46.2053,-93.75945,ozone
airnow,43.996908,-92.450366,ozone
airnow,48.41252,-92.829225,ozone
airnow,46.81826,-92.08936,ozone
airnow,44.791437,-93.512534,ozone
airnow,45.549839,-94.13345,ozone
airnow,45.168004,-92.765136,ozone
airnow,45.20916,-93.66921,ozone
airnow,33.750838,-90.734175,ozone
airnow,34.82056,-89.98778,ozone
airnow,30.300833,-89.395916,ozone
airnow,30.390369,-89.049778,ozone
airnow,32.329111,-90.182722,ozone
airnow,32.346722,-90.225667,ozone
airnow,30.378287,-88.53393,ozone
airnow,32.364565,-88.731491,ozone
airnow,34.264917,-88.766222,ozone
airnow,34.002747,-89.799183,ozone
airnow,39.9544,-94.849,ozone
airnow,39.07803,-92.31632,ozone
airnow,38.70608,-92.09308,ozone
airnow,38.75961,-94.57983,ozone
airnow,37.70097,-94.03474,ozone
airnow,39.407452,-94.265373,ozone
airnow,39.303174,-94.377014,ozone
airnow,39.331913,-94.580931,ozone
airnow,39.53063,-94.55594,ozone
airnow,37.256137,-93.299894,ozone
airnow,37.319186,-93.204411,ozone
airnow,37.2385,-94.42468,ozone
airnow,38.44853,-90.3986,ozone
airnow,39.04577,-90.84927,ozone
airnow,39.474976,-91.788991,ozone
airnow,37.70264,-89.69864,ozone
airnow,38.872546,-90.226488,ozone
airnow,38.8994,-90.44917,ozone
airnow,37.90084,-90.42388,ozone
airnow,38.49015,-90.70509,ozone
airnow,38.71085,-90.47606,ozone
airnow,38.656429,-90.198348,ozone
airnow,46.411389,-105.812778,ozone
airnow,47.048537,-109.455315,ozone
airnow,48.5103,-113.99681,ozone
airnow,46.8505,-111.987164,ozone
airnow,46.842181,-114.021499,ozone
airnow,47.8679,-104.676944,ozone
airnow,45.806311,-108.425978,ozone
airnow,41.247486,-95.973142,ozone
airnow,41.322508,-95.938593,ozone
airnow,42.829154,-97.854129,ozone
airnow,42.74749,-97.92823,ozone
airnow,40.98498,-96.671373,ozone
airnow,42.71,-103.591,ozone
airnow,39.472471,-118.783624,ozone
airnow,36.815897,-114.050347,ozone
airnow,36.40493,-114.8799,ozone
airnow,36.106389,-115.253333,ozone
airnow,36.004733,-115.268517,ozone
airnow,36.16976,-115.263038,ozone
airnow,36.173415,-115.332728,ozone
airnow,36.270592,-115.238282,ozone
airnow,36.048705,-115.052942,ozone
airnow,35.987908,-115.148885,ozone
airnow,36.141875,-115.078742,ozone
airnow,35.969848,-114.835007,ozone
airnow,35.785665,-115.357087,ozone
airnow,36.214465,-115.091437,ozone
airnow,36.318874,-115.586128,ozone
airnow,36.569333,-115.676651,ozone
airnow,40.733,-115.23,ozone
airnow,39.602787,-119.247741,ozone
airnow,39.469219,-119.775354,ozone
airnow,39.399837,-119.739606,ozone
airnow,39.521933,-119.7954,ozone
airnow,39.540917,-119.746761,ozone
airnow,39.621434,-119.71877,ozone
airnow,39.250409,-119.956738,ozone
airnow,39.645264,-119.840025,ozone
airnow,39.00512,-114.21593,ozone
airnow,39.1447,-119.7661,ozone
airnow,43.567989,-71.498328,ozone
airnow,43.52496,-71.466336,ozone
airnow,42.930521,-72.272332,ozone
airnow,44.270093,-71.303821,ozone
airnow,44.308132,-71.217639,ozone
airnow,43.629605,-72.309499,ozone
airnow,43.944519,-71.700788,ozone
airnow,42.718653,-71.522416,ozone
airnow,42.86183,-71.878626,ozone
airnow,43.2185,-71.5145,ozone
airnow,43.075371,-70.748017,ozone
airnow,43.045269,-70.713958,ozone
airnow,42.862531,-71.38014,ozone
airnow,39.464872,-74.448736,ozone
airnow,40.870436,-73.991994,ozone
airnow,39.934559,-75.125219,ozone
airnow,39.923969,-75.122317,ozone
airnow,39.68425,-74.861491,ozone
airnow,39.422273,-75.025204,ozone
airnow,39.800339,-75.212119,ozone
airnow,40.67025,-74.126081,ozone
airnow,40.515262,-74.806671,ozone
airnow,40.283092,-74.742613,ozone
airnow,40.3125,-74.8729,ozone
airnow,40.462182,-74.429439,ozone
airnow,40.277647,-74.0051,ozone
airnow,40.787628,-74.676301,ozone
airnow,40.06483,-74.44405,ozone
airnow,41.058617,-74.255544,ozone
airnow,40.92458,-75.067815,ozone
airnow,35.1343,-106.5852,ozone
airnow,35.01708,-106.65739,ozone
airnow,35.1852,-106.50815,ozone
airnow,35.063569,-106.647503,ozone
airnow,33.22,-108.235,ozone
airnow,31.930659,-106.631103,ozone
airnow,32.041212,-106.40971,ozone
airnow,31.796218,-106.584434,ozone
airnow,31.787885,-106.683324,ozone
airnow,32.317593,-106.768337,ozone
airnow,32.178157,-104.443447,ozone
airnow,32.380118,-104.262726,ozone
airnow,32.726656,-103.122917,ozone
airnow,36.187742,-106.698369,ozone
airnow,35.299484,-106.548914,ozone
airnow,36.742227,-107.977567,ozone
airnow,36.809735,-107.652192,ozone
airnow,36.035,-107.904167,ozone
airnow,36.796667,-108.473138,ozone
airnow,36.8071,-108.69523,ozone
airnow,35.61975,-106.07968,ozone
airnow,34.8147,-106.7396,ozone
airnow,42.68075,-73.75733,ozone
airnow,40.816,-73.902,ozone
airnow,40.8679,-73.87809,ozone
airnow,42.49963,-79.31881,ozone
airnow,41.78555,-73.74136,ozone
airnow,42.99328,-78.77153,ozone
airnow,44.36608,-73.90312,ozone
airnow,44.39308,-73.8589,ozone
airnow,43.44957,-74.51625,ozone
airnow,44.08747,-75.97316,ozone
airnow,43.14618,-77.54817,ozone
airnow,40.81976,-73.94825,ozone
airnow,43.22386,-78.47888,ozone
airnow,43.05235,-76.05921,ozone
airnow,43.28428,-76.46324,ozone
airnow,41.45589,-73.70977,ozone
airnow,40.73614,-73.82153,ozone
airnow,40.58027,-74.19832,ozone
airnow,41.18208,-74.02819,ozone
airnow,43.01209,-73.6489,ozone
airnow,42.09142,-77.20978,ozone
airnow,40.74529,-73.41919,ozone
airnow,40.96078,-72.71238,ozone
airnow,40.82799,-73.05754,ozone
airnow,40.961017,-73.139046,ozone
airnow,42.4006,-76.6538,ozone
airnow,43.23086,-77.17136,ozone
airnow,41.05192,-73.76366,ozone
airnow,35.9138,-81.191,ozone
airnow,35.972347,-81.933072,ozone
airnow,35.500102,-82.59986,ozone
airnow,35.9359,-81.5306,ozone
airnow,34.8848,-76.6203,ozone
airnow,36.307033,-79.467417,ozone
airnow,35.002304,-78.991692,ozone
airnow,35.1487,-78.7068,ozone
airnow,36.032955,-78.904037,ozone
airnow,35.988278,-77.5843,ozone
airnow,36.11094,-80.224501,ozone
airnow,36.026612,-80.341962,ozone
airnow,36.051805,-80.144933,ozone
airnow,35.2578,-83.7955,ozone
airnow,36.141111,-78.768056,ozone
airnow,36.109006,-79.802314,ozone
airnow,35.507224,-82.963625,ozone
airnow,35.379167,-82.7925,ozone
airnow,35.587144,-83.074156,ozone
airnow,35.59095,-78.4622,ozone
airnow,35.2318,-77.5669,ozone
airnow,35.438556,-81.27675,ozone
airnow,35.0608,-83.4306,ozone
airnow,35.81066,-76.9063,ozone
airnow,35.2401,-80.785683,ozone
airnow,35.314158,-80.713469,ozone
airnow,35.2632,-79.8365,ozone
airnow,34.364167,-77.838611,ozone
airnow,36.306965,-79.09197,ozone
airnow,35.641276,-77.360126,ozone
airnow,36.308889,-79.859167,ozone
airnow,35.551868,-80.395039,ozone
airnow,35.434767,-83.442133,ozone
airnow,35.498711,-83.310242,ozone
airnow,34.974039,-80.540622,ozone
airnow,35.856111,-78.574167,ozone
airnow,35.765413,-82.264944,ozone
airnow,46.8943,-103.37853,ozone
airnow,48.64193,-102.4018,ozone
airnow,46.825425,-100.76821,ozone
airnow,46.933754,-96.85535,ozone
airnow,47.342423,-102.645864,ozone
airnow,47.5812,-103.2995,ozone
airnow,47.298611,-101.766944,ozone
airnow,47.185833,-101.428056,ozone
airnow,47.940861,-101.571583,ozone
airnow,40.770944,-84.0539,ozone
airnow,41.959695,-80.572808,ozone
airnow,39.529112,-84.394003,ozone
airnow,39.384671,-84.540537,ozone
airnow,39.5327,-84.7286,ozone
airnow,40.00103,-83.80456,ozone
airnow,39.85567,-83.99773,ozone
airnow,39.0828,-84.1441,ozone
airnow,39.427535,-83.788916,ozone
airnow,41.55523,-81.575256,ozone
airnow,41.492117,-81.678449,ozone
airnow,41.361835,-81.86457,ozone
airnow,41.536942,-81.458871,ozone
airnow,40.356694,-83.063971,ozone
airnow,40.084514,-82.815585,ozone
airnow,40.0877,-82.959773,ozone
airnow,41.515051,-81.249906,ozone
airnow,39.66575,-83.94268,ozone
airnow,39.2787,-84.36625,ozone
airnow,39.21487,-84.69086,ozone
airnow,39.12886,-84.50404,ozone
airnow,40.3663,-80.6158,ozone
airnow,40.27886,-82.679563,ozone
airnow,41.673006,-81.422455,ozone
airnow,41.726811,-81.242156,ozone
airnow,38.62901,-82.45886,ozone
airnow,38.508075,-82.659241,ozone
airnow,40.026037,-82.432996,ozone
airnow,39.954457,-82.75892,ozone
airnow,41.420882,-82.095729,ozone
airnow,41.644067,-83.54616,ozone
airnow,41.4942,-83.718949,ozone
airnow,41.669001,-83.28717,ozone
airnow,39.78819,-83.47606,ozone
airnow,41.106182,-80.640576,ozone
airnow,41.0604,-81.9239,ozone
airnow,40.08502,-84.113808,ozone
airnow,39.785644,-84.134412,ozone
airnow,39.9428,-81.3373,ozone
airnow,41.182466,-81.330486,ozone
airnow,39.83562,-84.720524,ozone
airnow,40.82812,-81.3785,ozone
airnow,40.712703,-81.598078,ozone
airnow,40.93133,-81.123519,ozone
airnow,41.103028,-81.496253,ozone
airnow,41.240453,-80.66272,ozone
airnow,41.454568,-80.589528,ozone
airnow,39.42689,-84.20077,ozone
airnow,39.432117,-81.460443,ozone
airnow,41.377685,-83.611104,ozone
airnow,35.750735,-94.669697,ozone
airnow,35.479215,-97.751503,ozone
airnow,34.244189,-97.462931,ozone
airnow,35.320105,-97.484099,ozone
airnow,34.63298,-98.42879,ozone
airnow,36.105481,-96.361196,ozone
airnow,36.158414,-98.931973,ozone
airnow,34.226639,-98.03544,ozone
airnow,34.214818,-96.676936,ozone
airnow,34.984686,-97.522753,ozone
airnow,36.228408,-95.249943,ozone
airnow,35.477801,-97.303044,ozone
airnow,35.614131,-97.475083,ozone
airnow,36.35586,-96.01243,ozone
airnow,36.922222,-94.838889,ozone
airnow,34.885608,-95.78441,ozone
airnow,34.776389,-96.677778,ozone
airnow,35.40814,-94.524413,ozone
airnow,35.953708,-96.004975,ozone
airnow,36.133802,-95.764537,ozone
airnow,36.204902,-95.976537,ozone
airnow,36.908115,-95.88235,ozone
airnow,45.25928,-122.588151,ozone
airnow,45.768531,-122.7721,ozone
airnow,44.021896,-121.260166,ozone
airnow,42.229891,-122.7877,ozone
airnow,44.026312,-123.083737,ozone
airnow,43.8345,-123.0353,ozone
airnow,44.81029,-122.915085,ozone
airnow,45.014998,-122.790382,ozone
airnow,44.943114,-123.005934,ozone
airnow,45.496641,-122.602877,ozone
airnow,45.828968,-119.262991,ozone
airnow,45.3992,-122.7455,ozone
airnow,39.92002,-77.30968,ozone
airnow,39.9231,-77.3078,ozone
airnow,40.46542,-79.960757,ozone
airnow,40.375644,-80.169943,ozone
airnow,40.617488,-79.727664,ozone
airnow,40.814183,-79.56475,ozone
airnow,40.684722,-80.359722,ozone
airnow,40.691857,-80.299211,ozone
airnow,40.747796,-80.316442,ozone
airnow,40.51408,-75.789721,ozone
airnow,40.38335,-75.9686,ozone
airnow,40.535278,-78.370833,ozone
airnow,41.705226,-76.512726,ozone
airnow,40.107222,-74.882222,ozone
airnow,40.309722,-78.915,ozone
airnow,40.811389,-77.877028,ozone
airnow,40.7208,-77.9319,ozone
airnow,39.834461,-75.768242,ozone
airnow,40.246992,-76.846988,ozone
airnow,40.272222,-76.681389,ozone
airnow,39.835556,-75.3725,ozone
airnow,41.598119,-78.767867,ozone
airnow,42.14175,-80.038611,ozone
airnow,39.917663,-79.805499,ozone
airnow,39.961111,-77.475556,ozone
airnow,39.80933,-80.26567,ozone
airnow,40.56333,-78.919972,ozone
airnow,41.479116,-75.578186,ozone
airnow,41.442778,-75.623056,ozone
airnow,40.046667,-76.283333,ozone
airnow,40.043833,-76.1124,ozone
airnow,40.995848,-80.346442,ozone
airnow,40.338516,-76.394788,ozone
airnow,40.611944,-75.4325,ozone
airnow,41.2508,-76.9238,ozone
airnow,41.215014,-80.484779,ozone
airnow,41.4271,-80.1451,ozone
airnow,41.08306,-75.32328,ozone
airnow,40.112222,-75.309167,ozone
airnow,40.628056,-75.341111,ozone
airnow,40.008889,-75.09778,ozone
airnow,40.076389,-75.011944,ozone
airnow,39.991389,-75.080833,ozone
airnow,39.9878,-79.2515,ozone
airnow,41.644722,-76.939167,ozone
airnow,40.146667,-79.902222,ozone
airnow,40.445278,-80.420833,ozone
airnow,40.268963,-80.243995,ozone
airnow,40.304694,-79.505667,ozone
airnow,39.965278,-76.699444,ozone
airnow,39.86097,-76.462055,ozone
airnow,41.615237,-71.72,ozone
airnow,41.841039,-71.36097,ozone
airnow,41.49511,-71.423705,ozone
airnow,41.377434,-71.524337,ozone
airnow,33.342226,-81.788731,ozone
airnow,34.635958,-82.810667,ozone
airnow,33.183016,-80.030712,ozone
airnow,32.941023,-79.657187,ozone
airnow,34.615367,-80.198787,ozone
airnow,34.285696,-79.744859,ozone
airnow,33.739963,-81.853635,ozone
airnow,34.751848,-82.256701,ozone
airnow,33.8005,-78.9941,ozone
airnow,34.093959,-80.962304,ozone
airnow,33.81468,-80.781135,ozone
airnow,34.131262,-80.868318,ozone
airnow,34.988706,-82.075802,ozone
airnow,34.977,-81.207,ozone
airnow,34.9127,-80.8745,ozone
airnow,44.348604,-96.807299,ozone
airnow,42.78943,-96.90383,ozone
airnow,44.89965,-97.128802,ozone
airnow,43.55764,-103.48386,ozone
airnow,43.74561,-101.941218,ozone
airnow,44.155636,-103.315765,ozone
airnow,43.59901,-96.78331,ozone
airnow,35.96504,-84.22319,ozone
airnow,35.63348,-83.941606,ozone
airnow,35.603056,-83.783611,ozone
airnow,36.46983,-83.826511,ozone
airnow,36.205055,-86.74472,ozone
airnow,36.150799,-86.623297,ozone
airnow,36.0388,-85.7331,ozone
airnow,35.233476,-85.181581,ozone
airnow,35.102638,-85.162194,ozone
airnow,36.105629,-83.602077,ozone
airnow,36.085508,-83.764806,ozone
airnow,36.019186,-83.87381,ozone
airnow,35.721095,-84.343035,ozone
airnow,35.696758,-83.609612,ozone
airnow,35.562872,-83.497941,ozone
airnow,35.217501,-90.019707,ozone
airnow,35.151699,-89.850249,ozone
airnow,35.378153,-89.83447,ozone
airnow,36.541365,-82.424555,ozone
airnow,36.58211,-82.485742,ozone
airnow,36.29756,-86.653137,ozone
airnow,35.949765,-87.138246,ozone
airnow,36.060895,-86.286291,ozone
airnow,31.122419,-97.431052,ozone
airnow,31.088002,-97.679734,ozone
airnow,29.51509,-98.620166,ozone
airnow,29.632058,-98.564936,ozone
airnow,29.275381,-98.311692,ozone
airnow,29.520443,-95.392509,ozone
airnow,29.043759,-95.472946,ozone
airnow,29.30265,-103.17781,ozone
airnow,26.200335,-97.712684,ozone
airnow,33.1324,-96.786419,ozone
airnow,32.820061,-96.860117,ozone
airnow,32.919206,-96.808498,ozone
airnow,32.676451,-96.87206,ozone
airnow,33.219069,-97.196284,ozone
airnow,33.410648,-96.94459,ozone
airnow,32.175417,-96.870189,ozone
airnow,31.785769,-106.323578,ozone
airnow,31.765685,-106.455227,ozone
airnow,31.746775,-106.402806,ozone
airnow,31.6675,-106.288,ozone
airnow,31.893913,-106.425827,ozone
airnow,31.86247,-106.5473,ozone
airnow,29.254474,-94.861289,ozone
airnow,32.378696,-94.711813,ozone
airnow,29.901036,-95.326137,ozone
airnow,29.802707,-95.125495,ozone
airnow,30.039524,-95.673951,ozone
airnow,29.828086,-95.284096,ozone
airnow,29.834167,-95.489167,ozone
airnow,29.623889,-95.474167,ozone
airnow,29.695729,-95.499219,ozone
airnow,29.625556,-95.267222,ozone
airnow,29.723333,-95.635833,ozone
airnow,29.686389,-95.294722,ozone
airnow,29.772915,-95.395784,ozone
airnow,29.758889,-95.079444,ozone
airnow,29.827158,-94.988423,ozone
airnow,29.767997,-95.220582,ozone
airnow,29.733726,-95.257593,ozone
airnow,29.670025,-95.128508,ozone
airnow,29.583047,-95.015544,ozone
airnow,32.669001,-94.167468,ozone
airnow,26.226343,-98.29085,ozone
airnow,32.442304,-97.803529,ozone
airnow,33.153088,-96.115572,ozone
airnow,30.036422,-94.071061,ozone
airnow,29.897516,-93.991084,ozone
airnow,29.863957,-94.317802,ozone
airnow,29.727931,-93.894081,ozone
airnow,29.9425,-94.000556,ozone
airnow,29.979958,-94.004746,ozone
airnow,32.353595,-97.436742,ozone
airnow,32.564968,-96.317687,ozone
airnow,31.653086,-97.070704,ozone
airnow,30.350302,-95.425128,ozone
airnow,32.031934,-96.399141,ozone
airnow,27.76534,-97.434262,ozone
airnow,27.832413,-97.555387,ozone
airnow,30.085263,-93.761341,ozone
airnow,32.868773,-97.905931,ozone
airnow,30.7017,-94.6742,ozone
airnow,34.8803,-101.6649,ozone
airnow,32.936523,-96.459211,ozone
airnow,32.344027,-95.415754,ozone
airnow,32.987891,-97.477175,ozone
airnow,32.80581,-97.356529,ozone
airnow,32.922492,-97.282099,ozone
airnow,32.98426,-97.063721,ozone
airnow,32.65637,-97.088598,ozone
airnow,30.354944,-97.761803,ozone
airnow,30.483163,-97.875084,ozone
airnow,28.836214,-97.005525,ozone
airnow,27.507904,-99.523949,ozone
airnow,41.485007,-112.021476,ozone
airnow,41.945874,-112.233973,ozone
airnow,41.842649,-111.852199,ozone
airnow,39.59575,-110.770111,ozone
airnow,40.902967,-111.884467,ozone
airnow,40.294178,-110.009732,ozone
airnow,40.216779,-110.182742,ozone
airnow,38.566055,-109.53716,ozone
airnow,37.74743,-113.055525,ozone
airnow,40.569,-111.659,ozone
airnow,40.598056,-111.894167,ozone
airnow,40.736389,-111.872222,ozone
airnow,40.78422,-111.931,ozone
airnow,40.496392,-112.036298,ozone
airnow,40.709762,-112.00876,ozone
airnow,40.777145,-111.945849,ozone
airnow,40.807897,-112.087717,ozone
airnow,40.766528,-111.82835,ozone
airnow,40.662961,-111.901851,ozone
airnow,37.823,-109.771,ozone
airnow,38.45832,-109.82126,ozone
airnow,40.60055,-112.35578,ozone
airnow,40.538,-109.7,ozone
airnow,40.4372,-109.3047,ozone
airnow,40.46471,-109.561472,ozone
airnow,40.206291,-109.353932,ozone
airnow,40.05671,-109.688108,ozone
airnow,40.483598,-109.906796,ozone
airnow,40.341389,-111.713611,ozone
airnow,40.136378,-111.657936,ozone
airnow,40.497962,-111.39763,ozone
airnow,37.179125,-113.305096,ozone
airnow,37.1983,-113.1506,ozone
airnow,41.303614,-111.987871,ozone
airnow,42.88759,-73.24984,ozone
airnow,44.52839,-72.86884,ozone
airnow,43.608056,-72.982778,ozone
airnow,38.07657,-78.50397,ozone
airnow,38.8577,-77.05922,ozone
airnow,38.20087,-77.37742,ozone
airnow,37.34438,-77.25925,ozone
airnow,37.35748,-77.59355,ozone
airnow,38.77335,-77.10468,ozone
airnow,38.47367,-77.76772,ozone
airnow,39.28102,-78.08157,ozone
airnow,37.3232,-80.4572,ozone
airnow,37.60613,-77.2188,ozone
airnow,37.55652,-77.40027,ozone
airnow,39.02473,-77.48925,ozone
airnow,38.5231,-78.43471,ozone
airnow,37.1655,-78.3069,ozone
airnow,38.85287,-77.63462,ozone
airnow,37.28342,-79.88452,ozone
airnow,37.62668,-79.51257,ozone
airnow,38.47753,-78.81952,ozone
airnow,38.48123,-77.3704,ozone
airnow,36.89117,-81.25423,ozone
airnow,37.103733,-76.387017,ozone
airnow,36.90118,-76.43808,ozone
airnow,36.66525,-76.73078,ozone
airnow,46.204582,-119.243743,ozone
airnow,48.29786,-124.62491,ozone
airnow,45.616667,-122.516667,ozone
airnow,46.2026,-117.9539,ozone
airnow,47.5525,-122.064722,ozone
airnow,47.49022,-121.77278,ozone
airnow,47.1411,-121.9379,ozone
airnow,47.568236,-122.308628,ozone
airnow,46.7841,-121.740367,ozone
airnow,48.52059,-122.61428,ozone
airnow,47.41645,-117.52997,ozone
airnow,47.82728,-117.27422,ozone
airnow,47.029396,-122.821548,ozone
airnow,48.95074,-122.55441,ozone
airnow,39.448105,-77.963845,ozone
airnow,38.410242,-82.432436,ozone
airnow,37.908533,-80.632633,ozone
airnow,40.427372,-80.592318,ozone
airnow,38.346258,-81.621161,ozone
airnow,39.649444,-79.920278,ozone
airnow,40.114876,-80.700972,ozone
airnow,39.0905,-79.6617,ozone
airnow,39.323533,-81.552367,ozone
airnow,46.60234,-90.65615,ozone
airnow,44.53098,-87.90799,ozone
airnow,43.31551,-89.10889,ozone
airnow,43.10101,-89.35768,ozone
airnow,43.46611,-88.62111,ozone
airnow,45.2384,-86.994,ozone
airnow,44.76249,-91.41445,ozone
airnow,43.6874,-88.42205,ozone
airnow,45.56498,-88.80859,ozone
airnow,43.0034,-88.8283,ozone
airnow,42.50472,-87.8093,ozone
airnow,42.5956,-87.88576,ozone
airnow,44.44312,-87.50525,ozone
airnow,43.7775,-91.2269,ozone
airnow,44.13862,-87.61612,ozone
airnow,44.70735,-89.77192,ozone
airnow,43.01724,-87.93369,ozone
airnow,43.09456,-87.90144,ozone
airnow,43.1818,-87.901,ozone
airnow,44.30738,-88.39509,ozone
airnow,43.34317,-87.92087,ozone
airnow,43.4983,-87.8102,ozone
airnow,42.77711,-87.79689,ozone
airnow,42.51831,-89.06347,ozone
airnow,43.4351,-89.67979,ozone
airnow,43.66737,-87.71631,ozone
airnow,43.815596,-87.792235,ozone
airnow,45.2066,-90.5969,ozone
airnow,46.0519,-89.654,ozone
airnow,42.66218,-88.48703,ozone
airnow,43.020075,-88.21507,ozone
airnow,41.3642,-106.2399,ozone
airnow,44.28,-108.041111,ozone
airnow,44.6522,-105.2903,ozone
airnow,43.101281,-105.498931,ozone
airnow,42.529999,-108.720003,ozone
airnow,43.081667,-107.549444,ozone
airnow,43.87483,-106.50974,ozone
airnow,41.08536,-104.52277,ozone
airnow,41.182227,-104.778334,ozone
airnow,41.783083,-110.53788,ozone
airnow,42.82231,-106.36501,ozone
airnow,42.8608,-106.23586,ozone
airnow,44.933611,-106.847222,ozone
airnow,44.803888,-106.961388,ozone
airnow,42.719,-109.753,ozone
airnow,42.7907,-110.0551,ozone
airnow,42.869824,-109.87076,ozone
airnow,42.486361,-110.098861,ozone
airnow,42.373499,-109.560498,ozone
airnow,42.967,-109.748,ozone
airnow,43.392,-109.913,ozone
airnow,42.9288,-109.788,ozone
airnow,41.588856,-109.237842,ozone
airnow,41.677667,-108.024835,ozone
airnow,41.750556,-109.788333,ozone
airnow,43.670833,-110.599472,ozone
airnow,44.56536,-110.40034,ozone
airnow,43.873056,-104.191944,ozone
airnow,18.420089,-66.150615,ozone
airnow,18.216038,-67.144107,ozone
airnow,31.291293,-110.951513,ozone
airnow,32.466389,-114.768611,ozone
airnow,30.497478,-87.880258,pm2.5
airnow,33.284928,-85.803608,pm2.5
airnow,34.288567,-85.969858,pm2.5
airnow,33.98821,-85.992556,pm2.5
airnow,33.553056,-86.815,pm2.5
airnow,33.331111,-87.003611,pm2.5
airnow,33.545278,-86.549167,pm2.5
airnow,33.499722,-86.924167,pm2.5
airnow,34.68547,-86.58816,pm2.5
airnow,30.770181,-88.087761,pm2.5
airnow,32.412811,-86.263394,pm2.5
airnow,34.530717,-86.967536,pm2.5
airnow,32.362606,-88.277992,pm2.5
airnow,33.095379,-87.481507,pm2.5
airnow,61.205861,-149.824602,pm2.5
airnow,64.84593,-147.69327,pm2.5
airnow,61.52275,-149.083639,pm2.5
airnow,34.2439,-113.5586,pm2.5
airnow,33.48378,-112.14256,pm2.5
airnow,33.41018,-111.86536,pm2.5
airnow,33.56031,-112.06619,pm2.5
airnow,33.57453,-112.19193,pm2.5
airnow,33.40314,-112.07526,pm2.5
airnow,33.41123,-111.93471,pm2.5
airnow,33.41046,-112.00264,pm2.5
airnow,33.4265,-112.11821,pm2.5
airnow,33.503833,-112.095767,pm2.5
airnow,35.540017,-113.410782,pm2.5
airnow,32.322661,-111.038389,pm2.5
airnow,32.29515,-110.9823,pm2.5
airnow,32.194671,-111.033167,pm2.5
airnow,32.877583,-111.752222,pm2.5
airnow,33.421194,-111.503222,pm2.5
airnow,32.884761,-112.03705,pm2.5
airnow,31.337204,-110.936718,pm2.5
airnow,32.690278,-114.61444,pm2.5
airnow,34.756189,-92.281296,pm2.5
airnow,37.687526,-121.784217,pm2.5
airnow,37.743065,-122.169935,pm2.5
airnow,37.814781,-122.282347,pm2.5
airnow,37.793624,-122.263376,pm2.5
airnow,37.864767,-122.302741,pm2.5
airnow,37.701222,-121.903019,pm2.5
airnow,39.76168,-121.84047,pm2.5
airnow,38.20185,-120.680277,pm2.5
airnow,39.021221,-122.281803,pm2.5
airnow,39.18919,-121.99887,pm2.5
airnow,37.936013,-122.026154,pm2.5
airnow,37.9604,-122.356811,pm2.5
airnow,36.78538,-119.77321,pm2.5
airnow,36.985119,-119.658339,pm2.5
airnow,36.634225,-120.382331,pm2.5
airnow,36.710833,-119.7775,pm2.5
airnow,36.819449,-119.716433,pm2.5
airnow,36.72639,-119.733,pm2.5
airnow,41.047117,-123.675233,pm2.5
airnow,32.67618,-115.48307,pm2.5
airnow,32.97833,-115.53917,pm2.5
airnow,32.79222,-115.56306,pm2.5
airnow,37.360684,-118.330783,pm2.5
airnow,36.487823,-117.871036,pm2.5
airnow,36.595556,-118.049167,pm2.5
airnow,37.362137,-118.417478,pm2.5
airnow,37.155494,-118.293547,pm2.5
airnow,35.385574,-119.015009,pm2.5
airnow,35.642943,-117.715066,pm2.5
airnow,35.04944,-118.18893,pm2.5
airnow,36.102244,-119.56565,pm2.5
airnow,36.31567,-119.643447,pm2.5
airnow,34.06659,-118.22688,pm2.5
airnow,33.901389,-118.205,pm2.5
airnow,33.859662,-118.200707,pm2.5
airnow,33.793713,-118.171019,pm2.5
airnow,34.725389,-118.178601,pm2.5
airnow,36.953256,-120.034203,pm2.5
airnow,37.97231,-122.520004,pm2.5
airnow,39.15047,-123.20655,pm2.5
airnow,39.39861,-123.35872,pm2.5
airnow,37.289732,-120.429718,pm2.5
airnow,37.30832,-120.480456,pm2.5
airnow,37.962069,-119.120278,pm2.5
airnow,36.48187,-121.73333,pm2.5
airnow,36.209286,-121.126371,pm2.5
airnow,36.694261,-121.623271,pm2.5
airnow,39.233477,-121.055608,pm2.5
airnow,39.32783,-120.184592,pm2.5
airnow,33.83062,-117.93845,pm2.5
airnow,38.93568,-121.09959,pm2.5
airnow,38.74643,-121.26498,pm2.5
airnow,39.939567,-120.944376,pm2.5
airnow,39.81336,-120.47069,pm2.5
airnow,33.71969,-116.1897,pm2.5
airnow,33.944713,-116.830074,pm2.5
airnow,33.72537,-116.206842,pm2.5
airnow,33.99958,-117.41601,pm2.5
airnow,33.99636,-117.4924,pm2.5
airnow,38.613779,-121.368014,pm2.5
airnow,38.56844,-121.49311,pm2.5
airnow,38.683304,-121.164457,pm2.5
airnow,38.593322,-121.503795,pm2.5
airnow,38.494475,-121.211131,pm2.5
airnow,36.843425,-121.3621,pm2.5
airnow,34.030833,-117.61722,pm2.5
airnow,34.510961,-117.32554,pm2.5
airnow,34.26464,-116.86147,pm2.5
airnow,32.631242,-117.059088,pm2.5
airnow,32.6509,-116.365,pm2.5
airnow,32.842318,-116.768293,pm2.5
airnow,33.217046,-117.396249,pm2.5
airnow,32.578165,-116.921374,pm2.5
airnow,32.845709,-117.123964,pm2.5
airnow,32.985428,-117.082198,pm2.5
airnow,32.789565,-116.944308,pm2.5
airnow,32.552824,-117.047345,pm2.5
airnow,32.710177,-117.142665,pm2.5
airnow,33.362593,-117.09023,pm2.5
airnow,37.961578,-121.281414,pm2.5
airnow,37.793392,-121.247874,pm2.5
airnow,35.02083,-120.56388,pm2.5
airnow,35.04673,-120.58777,pm2.5
airnow,35.259502,-120.64472,pm2.5
airnow,35.49453,-120.66617,pm2.5
airnow,37.482934,-122.20337,pm2.5
airnow,34.427775,-119.691218,pm2.5
airnow,34.890667,-120.432844,pm2.5
airnow,34.63782,-120.4575,pm2.5
airnow,34.44551,-119.8284,pm2.5
airnow,34.605819,-120.075069,pm2.5
airnow,34.39424,-119.514721,pm2.5
airnow,36.999571,-121.574684,pm2.5
airnow,37.348497,-121.894898,pm2.5
airnow,37.338135,-121.849783,pm2.5
airnow,36.98332,-121.98822,pm2.5
airnow,37.06315,-122.083092,pm2.5
airnow,40.55013,-122.38092,pm2.5
airnow,41.726892,-122.633579,pm2.5
airnow,38.102507,-122.237976,pm2.5
airnow,38.403765,-122.818294,pm2.5
airnow,37.642165,-120.994212,pm2.5
airnow,37.488317,-120.836008,pm2.5
airnow,39.138773,-121.618549,pm2.5
airnow,40.17093,-122.25556,pm2.5
airnow,36.48947,-118.82915,pm2.5
airnow,36.30815,-119.3129,pm2.5
airnow,34.210169,-118.870509,pm2.5
airnow,34.404281,-118.80998,pm2.5
airnow,34.44806,-119.2313,pm2.5
airnow,34.276316,-118.683685,pm2.5
airnow,34.25239,-119.143182,pm2.5
airnow,38.66121,-121.73269,pm2.5
airnow,39.8281,-104.93647,pm2.5
airnow,39.838119,-104.94984,pm2.5
airnow,37.469391,-105.878691,pm2.5
airnow,39.604399,-105.019526,pm2.5
airnow,40.164576,-105.100856,pm2.5
airnow,40.012969,-105.267212,pm2.5
airnow,39.751184,-104.987625,pm2.5
airnow,39.738578,-104.939925,pm2.5
airnow,39.77949,-105.00518,pm2.5
airnow,39.73217,-105.0153,pm2.5
airnow,39.7861,-104.9886,pm2.5
airnow,39.534488,-105.070358,pm2.5
airnow,38.848014,-104.828564,pm2.5
airnow,39.43806,-108.02611,pm2.5
airnow,40.5506,-106.385,pm2.5
airnow,40.571288,-105.079693,pm2.5
airnow,40.515109,-104.949932,pm2.5
airnow,39.063798,-108.561173,pm2.5
airnow,39.19296,-106.82323,pm2.5
airnow,38.084688,-102.618641,pm2.5
airnow,38.276099,-104.597613,pm2.5
airnow,40.086944,-108.761389,pm2.5
airnow,40.414877,-104.70693,pm2.5
airnow,40.209387,-104.82405,pm2.5
airnow,41.170833,-73.194722,pm2.5
airnow,41.399167,-73.443056,pm2.5
airnow,41.771444,-72.679923,pm2.5
airnow,41.784722,-72.631667,pm2.5
airnow,41.821342,-73.297257,pm2.5
airnow,41.3014,-72.902871,pm2.5
airnow,41.550556,-73.043611,pm2.5
airnow,41.35362,-72.07882,pm2.5
airnow,38.986681,-75.556818,pm2.5
airnow,39.15564,-75.51821,pm2.5
airnow,39.761273,-75.492047,pm2.5
airnow,39.551279,-75.732015,pm2.5
airnow,39.577647,-75.603659,pm2.5
airnow,39.691872,-75.761766,pm2.5
airnow,39.739441,-75.557534,pm2.5
airnow,38.65392,-75.610605,pm2.5
airnow,38.895572,-76.958072,pm2.5
airnow,38.921847,-77.013178,pm2.5
airnow,38.89477,-76.953426,pm2.5
airnow,38.875161,-77.012816,pm2.5
airnow,38.818724,-77.010254,pm2.5
airnow,29.566112,-82.26608,pm2.5
airnow,28.053611,-80.628611,pm2.5
airnow,26.073536,-80.33845,pm2.5
airnow,26.053889,-80.256944,pm2.5
airnow,26.132677,-80.169817,pm2.5
airnow,26.291088,-80.096353,pm2.5
airnow,26.294167,-80.176389,pm2.5
airnow,30.356339,-81.635396,pm2.5
airnow,30.135797,-81.633981,pm2.5
airnow,30.354722,-81.547778,pm2.5
airnow,30.262778,-81.606833,pm2.5
airnow,30.525367,-87.20355,pm2.5
airnow,30.36805,-87.270967,pm2.5
airnow,27.955133,-82.469532,pm2.5
airnow,27.96565,-82.2304,pm2.5
airnow,26.602016,-81.877908,pm2.5
airnow,30.439722,-84.346389,pm2.5
airnow,27.172458,-80.240689,pm2.5
airnow,25.794222,-80.215556,pm2.5
airnow,25.47823,-80.483739,pm2.5
airnow,28.53417,-81.38492,pm2.5
airnow,28.446308,-81.417439,pm2.5
airnow,28.596389,-81.3625,pm2.5
airnow,28.347509,-81.636464,pm2.5
airnow,26.724786,-80.666447,pm2.5
airnow,26.687606,-80.219619,pm2.5
airnow,26.456944,-80.092778,pm2.5
airnow,27.946688,-82.731767,pm2.5
airnow,27.785866,-82.739875,pm2.5
airnow,28.028889,-81.972222,pm2.5
airnow,27.290556,-82.507222,pm2.5
airnow,28.746111,-81.310556,pm2.5
airnow,29.206667,-81.0525,pm2.5
airnow,32.777465,-83.640996,pm2.5
airnow,32.805264,-83.543493,pm2.5
airnow,32.090779,-81.130222,pm2.5
airnow,33.918137,-83.344385,pm2.5
airnow,33.610845,-84.390717,pm2.5
airnow,34.015436,-84.607423,pm2.5
airnow,31.513097,-82.749971,pm2.5
airnow,33.6878,-84.2905,pm2.5
airnow,31.5776,-84.0998,pm2.5
airnow,31.169805,-81.495035,pm2.5
airnow,33.9632,-84.0691,pm2.5
airnow,34.2993,-83.8134,pm2.5
airnow,32.6056,-83.5978,pm2.5
airnow,30.8486,-83.2933,pm2.5
airnow,32.521272,-84.944635,pm2.5
airnow,32.4274,-84.9457,pm2.5
airnow,33.4339,-82.0224,pm2.5
airnow,34.9784,-85.2943,pm2.5
airnow,32.967359,-82.806871,pm2.5
airnow,19.4308,-155.2578,pm2.5
airnow,19.717562,-155.11053,pm2.5
airnow,19.509778,-155.913417,pm2.5
airnow,19.2039,-155.480183,pm2.5
airnow,19.117561,-155.778136,pm2.5
airnow,19.977467,-155.798067,pm2.5
airnow,19.555444,-155.102028,pm2.5
airnow,19.611914,-155.055037,pm2.5
airnow,19.060655,-155.579159,pm2.5
airnow,19.618158,-155.971242,pm2.5
airnow,21.323745,-158.088613,pm2.5
airnow,21.30758,-157.85542,pm2.5
airnow,21.303382,-157.871171,pm2.5
airnow,20.780997,-156.446373,pm2.5
airnow,20.869627,-156.493626,pm2.5
airnow,40.123886,-88.240553,pm2.5
airnow,40.05278,-88.37251,pm2.5
airnow,41.965485,-87.749928,pm2.5
airnow,41.912739,-87.722673,pm2.5
airnow,41.57862,-87.557406,pm2.5
airnow,41.80118,-87.832349,pm2.5
airnow,41.965193,-87.876265,pm2.5
airnow,42.060285,-87.863225,pm2.5
airnow,42.139996,-87.799227,pm2.5
airnow,41.771071,-88.152534,pm2.5
airnow,38.082155,-88.624943,pm2.5
airnow,39.101439,-90.344494,pm2.5
airnow,41.784717,-88.329374,pm2.5
airnow,42.021314,-88.282985,pm2.5
airnow,42.221442,-88.242207,pm2.5
airnow,40.518735,-88.996896,pm2.5
airnow,39.866834,-88.925594,pm2.5
airnow,38.901362,-90.146308,pm2.5
airnow,38.704534,-90.139675,pm2.5
airnow,38.860669,-90.105851,pm2.5
airnow,40.697007,-89.584737,pm2.5
airnow,38.176278,-89.788459,pm2.5
airnow,41.514727,-90.51735,pm2.5
airnow,38.612034,-90.160477,pm2.5
airnow,39.831921,-89.644164,pm2.5
airnow,41.526885,-88.116474,pm2.5
airnow,41.221537,-88.190967,pm2.5
airnow,42.267,-89.08917,pm2.5
airnow,41.081864,-85.088313,pm2.5
airnow,39.237457,-85.891332,pm2.5
airnow,38.288191,-85.741337,pm2.5
airnow,40.203338,-85.387819,pm2.5
airnow,38.391799,-86.929668,pm2.5
airnow,41.657155,-85.968446,pm2.5
airnow,38.317813,-85.833322,pm2.5
airnow,38.985477,-86.990419,pm2.5
airnow,39.960884,-85.939546,pm2.5
airnow,40.009544,-85.52347,pm2.5
airnow,40.481347,-86.109688,pm2.5
airnow,41.606662,-87.304943,pm2.5
airnow,41.653501,-87.435561,pm2.5
airnow,41.594427,-87.495044,pm2.5
airnow,41.707212,-86.891216,pm2.5
airnow,40.125703,-85.652184,pm2.5
airnow,39.810833,-86.114444,pm2.5
airnow,39.788903,-86.214628,pm2.5
airnow,39.787933,-86.13088,pm2.5
airnow,39.159383,-86.504762,pm2.5
airnow,41.6175,-87.199167,pm2.5
airnow,41.69666,-86.214722,pm2.5
airnow,38.17013,-86.987233,pm2.5
airnow,40.431667,-86.8525,pm2.5
airnow,38.013333,-87.577222,pm2.5
airnow,39.485987,-87.401312,pm2.5
airnow,41.169646,-85.629292,pm2.5
airnow,41.823283,-90.211982,pm2.5
airnow,41.657232,-91.503478,pm2.5
airnow,41.97677,-91.68766,pm2.5
airnow,41.603159,-93.643118,pm2.5
airnow,41.667032,-93.599221,pm2.5
airnow,41.530011,-90.587611,pm2.5
airnow,37.775303,-100.03544,pm2.5
airnow,38.838575,-94.746424,pm2.5
airnow,37.67696,-95.47594,pm2.5
airnow,37.702066,-97.314847,pm2.5
airnow,39.024265,-95.711275,pm2.5
airnow,39.342801,-101.702996,pm2.5
airnow,37.47689,-97.366399,pm2.5
airnow,38.770081,-99.763424,pm2.5
airnow,39.117219,-94.635605,pm2.5
airnow,36.60843,-83.73694,pm2.5
airnow,38.45934,-82.64041,pm2.5
airnow,39.021881,-84.47445,pm2.5
airnow,38.23887,-82.9881,pm2.5
airnow,36.91171,-87.323337,pm2.5
airnow,37.771671,-87.055819,pm2.5
airnow,38.06503,-84.49761,pm2.5
airnow,37.705612,-85.852629,pm2.5
airnow,38.06091,-85.89804,pm2.5
airnow,38.22876,-85.65452,pm2.5
airnow,38.1936,-85.7119,pm2.5
airnow,38.182435,-85.574361,pm2.5
airnow,38.23158,-85.82678,pm2.5
airnow,37.08727,-88.60801,pm2.5
airnow,37.28329,-83.20932,pm2.5
airnow,37.4826,-82.53532,pm2.5
airnow,37.09798,-84.61152,pm2.5
airnow,37.04926,-86.21487,pm2.5
airnow,30.262347,-93.284906,pm2.5
airnow,30.227798,-93.579965,pm2.5
airnow,30.461981,-91.179219,pm2.5
airnow,30.041238,-90.272826,pm2.5
airnow,29.900314,-90.109836,pm2.5
airnow,29.996013,-90.11819,pm2.5
airnow,32.509959,-92.046196,pm2.5
airnow,29.943164,-89.97625,pm2.5
airnow,30.500642,-91.213556,pm2.5
airnow,44.089406,-70.214219,pm2.5
airnow,47.355332,-68.321106,pm2.5
airnow,46.698422,-68.038403,pm2.5
airnow,46.682299,-68.016195,pm2.5
airnow,43.677994,-70.256178,pm2.5
airnow,43.660246,-70.268965,pm2.5
airnow,44.37705,-68.2609,pm2.5
airnow,44.312319,-69.786717,pm2.5
airnow,44.551419,-70.546319,pm2.5
airnow,44.817398,-68.772762,pm2.5
airnow,44.963894,-67.061325,pm2.5
airnow,39.460478,-76.633543,pm2.5
airnow,39.702982,-75.864771,pm2.5
airnow,38.587525,-76.141006,pm2.5
airnow,39.70595,-79.012,pm2.5
airnow,39.410191,-76.296946,pm2.5
airnow,39.14313,-76.84611,pm2.5
airnow,39.305021,-75.797317,pm2.5
airnow,39.114313,-77.106876,pm2.5
airnow,39.055277,-76.878333,pm2.5
airnow,39.564178,-77.720244,pm2.5
airnow,39.33746,-76.58905,pm2.5
airnow,42.452299,-73.239648,pm2.5
airnow,42.702223,-73.110414,pm2.5
airnow,41.685707,-71.169235,pm2.5
airnow,42.474642,-70.970816,pm2.5
airnow,42.770837,-71.10229,pm2.5
airnow,42.784792,-71.107028,pm2.5
airnow,42.605816,-72.596689,pm2.5
airnow,42.19438,-72.555112,pm2.5
airnow,42.120229,-72.584503,pm2.5
airnow,42.298493,-72.334079,pm2.5
airnow,42.612085,-71.306986,pm2.5
airnow,42.241229,-70.963346,pm2.5
airnow,42.065106,-71.012129,pm2.5
airnow,42.348873,-71.097163,pm2.5
airnow,42.3295,-71.0826,pm2.5
airnow,42.325186,-71.056061,pm2.5
airnow,42.349954,-71.059194,pm2.5
airnow,42.387222,-71.026111,pm2.5
airnow,42.263955,-71.794322,pm2.5
airnow,42.767786,-86.148577,pm2.5
airnow,43.571391,-83.890721,pm2.5
airnow,43.047224,-83.670159,pm2.5
airnow,42.76138,-84.562867,pm2.5
airnow,42.278067,-85.54189,pm2.5
airnow,42.984173,-85.671339,pm2.5
airnow,42.885368,-85.679765,pm2.5
airnow,41.995568,-83.946559,pm2.5
airnow,42.731394,-82.793463,pm2.5
airnow,44.307,-86.242649,pm2.5
airnow,46.518119,-87.521557,pm2.5
airnow,44.310555,-84.891865,pm2.5
airnow,42.463063,-83.183199,pm2.5
airnow,42.894444,-85.852778,pm2.5
airnow,42.953336,-82.456229,pm2.5
airnow,46.288877,-85.950227,pm2.5
airnow,42.240556,-83.599722,pm2.5
airnow,42.228611,-83.208333,pm2.5
airnow,42.302778,-83.106667,pm2.5
airnow,42.43084,-83.000138,pm2.5
airnow,42.306666,-83.148889,pm2.5
airnow,42.385998,-83.266189,pm2.5
airnow,42.261669,-83.157893,pm2.5
airnow,42.312158,-83.091943,pm2.5
airnow,42.295824,-83.129431,pm2.5
airnow,42.312078,-83.103469,pm2.5
airnow,42.388405,-82.979793,pm2.5
airnow,45.13768,-93.207615,pm2.5
airnow,46.851811,-95.846272,pm2.5
airnow,47.878159,-95.029172,pm2.5
airnow,44.1364,-93.9813,pm2.5
airnow,46.713694,-92.511722,pm2.5
airnow,47.38443,-94.60166,pm2.5
airnow,47.972085,-89.69098,pm2.5
airnow,46.39674,-94.1303,pm2.5
airnow,44.73846,-93.23725,pm2.5
airnow,44.706123,-93.285803,pm2.5
airnow,44.965242,-93.254759,pm2.5
airnow,44.95366,-93.25821,pm2.5
airnow,44.95208,-93.24428,pm2.5
airnow,47.948622,-91.495574,pm2.5
airnow,44.4438,-95.81789,pm2.5
airnow,43.996908,-92.450366,pm2.5
airnow,44.95939,-93.03587,pm2.5
airnow,47.523355,-92.536305,pm2.5
airnow,46.81826,-92.08936,pm2.5
airnow,46.743657,-92.165998,pm2.5
airnow,44.791437,-93.512534,pm2.5
airnow,45.549839,-94.13345,pm2.5
airnow,45.20916,-93.66921,pm2.5
airnow,33.750838,-90.734175,pm2.5
airnow,34.82056,-89.98778,pm2.5
airnow,31.32389,-89.2922,pm2.5
airnow,30.300833,-89.395916,pm2.5
airnow,30.390369,-89.049778,pm2.5
airnow,32.329111,-90.182722,pm2.5
airnow,32.346722,-90.225667,pm2.5
airnow,30.378287,-88.53393,pm2.5
airnow,39.741694,-94.858584,pm2.5
airnow,38.75961,-94.57983,pm2.5
airnow,37.70097,-94.03474,pm2.5
airnow,39.303174,-94.377014,pm2.5
airnow,37.256137,-93.299894,pm2.5
airnow,39.104686,-94.57079,pm2.5
airnow,38.44853,-90.3986,pm2.5
airnow,38.650329,-90.350313,pm2.5
airnow,38.542551,-90.263711,pm2.5
airnow,38.656429,-90.198348,pm2.5
airnow,38.656479,-90.189868,pm2.5
airnow,38.63114,-90.28115,pm2.5
airnow,45.206448,-112.64251,pm2.5
airnow,46.411389,-105.812778,pm2.5
airnow,47.12072,-104.75168,pm2.5
airnow,47.048537,-109.455315,pm2.5
airnow,48.363694,-114.189272,pm2.5
airnow,44.657014,-111.089618,pm2.5
airnow,48.607406,-112.36384,pm2.5
airnow,48.540373,-109.684432,pm2.5
airnow,46.8505,-111.987164,pm2.5
airnow,46.658762,-112.013089,pm2.5
airnow,48.391545,-115.553309,pm2.5
airnow,46.842181,-114.021499,pm2.5
airnow,47.012907,-114.224273,pm2.5
airnow,48.317507,-107.862471,pm2.5
airnow,46.243621,-114.158889,pm2.5
airnow,47.8679,-104.676944,pm2.5
airnow,46.002602,-112.501247,pm2.5
airnow,47.820308,-112.193636,pm2.5
airnow,45.806311,-108.425978,pm2.5
airnow,41.247486,-95.973142,pm2.5
airnow,41.197847,-96.056686,pm2.5
airnow,40.285,-96.824166,pm2.5
airnow,40.915555,-98.378888,pm2.5
airnow,41.133294,-95.956103,pm2.5
airnow,41.876853,-103.656561,pm2.5
airnow,41.551211,-96.146175,pm2.5
airnow,36.815897,-114.050347,pm2.5
airnow,36.106389,-115.253333,pm2.5
airnow,36.004733,-115.268517,pm2.5
airnow,36.16976,-115.263038,pm2.5
airnow,36.173415,-115.332728,pm2.5
airnow,36.270592,-115.238282,pm2.5
airnow,36.048705,-115.052942,pm2.5
airnow,35.987908,-115.148885,pm2.5
airnow,36.141875,-115.078742,pm2.5
airnow,36.163962,-115.11393,pm2.5
airnow,35.969848,-114.835007,pm2.5
airnow,35.785665,-115.357087,pm2.5
airnow,36.139707,-115.175654,pm2.5
airnow,36.214465,-115.091437,pm2.5
airnow,38.897557,-119.732507,pm2.5
airnow,39.399837,-119.739606,pm2.5
airnow,39.521933,-119.7954,pm2.5
airnow,39.540917,-119.746761,pm2.5
airnow,39.621434,-119.71877,pm2.5
airnow,39.1447,-119.7661,pm2.5
airnow,43.566122,-71.496335,pm2.5
airnow,43.52496,-71.466336,pm2.5
airnow,42.930521,-72.272332,pm2.5
airnow,43.629605,-72.309499,pm2.5
airnow,42.86183,-71.878626,pm2.5
airnow,43.075371,-70.748017,pm2.5
airnow,42.862531,-71.38014,pm2.5
airnow,39.464872,-74.448736,pm2.5
airnow,39.36326,-74.431,pm2.5
airnow,40.85355,-73.96618,pm2.5
airnow,39.934559,-75.125219,pm2.5
airnow,39.923969,-75.122317,pm2.5
airnow,39.989036,-75.050008,pm2.5
airnow,39.422273,-75.025204,pm2.5
airnow,39.800339,-75.212119,pm2.5
airnow,40.770908,-74.036218,pm2.5
airnow,40.725413,-74.052293,pm2.5
airnow,40.515262,-74.806671,pm2.5
airnow,40.283092,-74.742613,pm2.5
airnow,40.222411,-74.763167,pm2.5
airnow,40.462182,-74.429439,pm2.5
airnow,40.787628,-74.676301,pm2.5
airnow,39.994908,-74.170447,pm2.5
airnow,40.918381,-74.168092,pm2.5
airnow,40.64144,-74.208365,pm2.5
airnow,40.603943,-74.276174,pm2.5
airnow,40.92458,-75.067815,pm2.5
airnow,35.1343,-106.5852,pm2.5
airnow,35.1443,-106.60468,pm2.5
airnow,35.01708,-106.65739,pm2.5
airnow,35.1852,-106.50815,pm2.5
airnow,35.19324,-106.613815,pm2.5
airnow,35.063569,-106.647503,pm2.5
airnow,32.003712,-106.599715,pm2.5
airnow,31.796218,-106.584434,pm2.5
airnow,31.787885,-106.683324,pm2.5
airnow,32.322037,-106.768337,pm2.5
airnow,32.726656,-103.122917,pm2.5
airnow,35.61975,-106.07968,pm2.5
airnow,36.383359,-105.5839,pm2.5
airnow,42.64225,-73.75464,pm2.5
airnow,40.816,-73.902,pm2.5
airnow,40.81551,-73.88553,pm2.5
airnow,42.876907,-78.809526,pm2.5
airnow,44.39308,-73.8589,pm2.5
airnow,40.64182,-74.01871,pm2.5
airnow,40.69454,-73.92769,pm2.5
airnow,43.145013,-77.55728,pm2.5
airnow,43.14618,-77.54817,pm2.5
airnow,43.05235,-76.05921,pm2.5
airnow,40.73614,-73.82153,pm2.5
airnow,40.739264,-73.817694,pm2.5
airnow,42.09142,-77.20978,pm2.5
airnow,35.6062,-82.5844,pm2.5
airnow,35.728889,-81.365556,pm2.5
airnow,35.041416,-78.953112,pm2.5
airnow,35.8145,-80.2627,pm2.5
airnow,36.032955,-78.904037,pm2.5
airnow,36.11094,-80.224501,pm2.5
airnow,36.026612,-80.341962,pm2.5
airnow,36.109006,-79.802314,pm2.5
airnow,35.59095,-78.4622,pm2.5
airnow,35.2401,-80.785683,pm2.5
airnow,35.213171,-80.874084,pm2.5
airnow,35.281791,-80.851473,pm2.5
airnow,35.912487,-82.062082,pm2.5
airnow,35.263165,-79.836636,pm2.5
airnow,34.364167,-77.838611,pm2.5
airnow,36.511708,-77.655389,pm2.5
airnow,35.641276,-77.360126,pm2.5
airnow,35.551868,-80.395039,pm2.5
airnow,35.434767,-83.442133,pm2.5
airnow,35.856111,-78.574167,pm2.5
airnow,35.8652,-78.8197,pm2.5
airnow,46.8943,-103.37853,pm2.5
airnow,48.64193,-102.4018,pm2.5
airnow,46.825425,-100.76821,pm2.5
airnow,46.933754,-96.85535,pm2.5
airnow,47.342423,-102.645864,pm2.5
airnow,47.5812,-103.2995,pm2.5
airnow,47.298611,-101.766944,pm2.5
airnow,47.185833,-101.428056,pm2.5
airnow,47.940861,-101.571583,pm2.5
airnow,40.770944,-84.0539,pm2.5
airnow,39.442165,-81.908827,pm2.5
airnow,39.9679,-80.7464,pm2.5
airnow,39.49072,-84.36374,pm2.5
airnow,39.479822,-84.409617,pm2.5
airnow,39.472436,-84.394952,pm2.5
airnow,39.478686,-84.397112,pm2.5
airnow,39.92882,-83.80949,pm2.5
airnow,41.55523,-81.575256,pm2.5
airnow,41.477011,-81.682383,pm2.5
airnow,41.471782,-81.656792,pm2.5
airnow,41.492117,-81.678449,pm2.5
airnow,41.446624,-81.662356,pm2.5
airnow,41.44013,-81.494833,pm2.5
airnow,40.002707,-82.994424,pm2.5
airnow,40.11107,-83.065415,pm2.5
airnow,39.91251,-83.01159,pm2.5
airnow,40.0877,-82.959773,pm2.5
airnow,39.2787,-84.36625,pm2.5
airnow,39.19433,-84.478974,pm2.5
airnow,39.12886,-84.50404,pm2.5
airnow,39.10492,-84.55117,pm2.5
airnow,39.146025,-84.538375,pm2.5
airnow,40.3663,-80.6158,pm2.5
airnow,41.726811,-81.242156,pm2.5
airnow,38.508075,-82.659241,pm2.5
airnow,41.644067,-83.54616,pm2.5
airnow,41.62057,-83.64226,pm2.5
airnow,41.679867,-83.4785,pm2.5
airnow,41.106182,-80.640576,pm2.5
airnow,41.0604,-81.9239,pm2.5
airnow,39.755969,-84.198674,pm2.5
airnow,39.83562,-84.720524,pm2.5
airnow,38.754599,-82.91701,pm2.5
airnow,38.59246,-82.80677,pm2.5
airnow,40.786804,-81.394153,pm2.5
airnow,40.800717,-81.373,pm2.5
airnow,41.063526,-81.468956,pm2.5
airnow,41.23172,-80.80116,pm2.5
airnow,35.750735,-94.669697,pm2.5
airnow,34.244189,-97.462931,pm2.5
airnow,35.320105,-97.484099,pm2.5
airnow,34.63298,-98.42879,pm2.5
airnow,36.158414,-98.931973,pm2.5
airnow,36.697186,-97.08135,pm2.5
airnow,35.50307,-97.577981,pm2.5
airnow,35.614131,-97.475083,pm2.5
airnow,36.922222,-94.838889,pm2.5
airnow,36.985702,-94.83931,pm2.5
airnow,34.885608,-95.78441,pm2.5
airnow,35.953708,-96.004975,pm2.5
airnow,36.204902,-95.976537,pm2.5
airnow,36.908115,-95.88235,pm2.5
airnow,44.299787,-120.844773,pm2.5
airnow,44.063916,-121.312554,pm2.5
airnow,43.58925,-119.04872,pm2.5
airnow,42.3324,-122.8891,pm2.5
airnow,42.434139,-123.348466,pm2.5
airnow,42.190296,-121.731369,pm2.5
airnow,42.189215,-120.353969,pm2.5
airnow,44.067224,-123.141352,pm2.5
airnow,44.026312,-123.083737,pm2.5
airnow,44.1158,-123.1211,pm2.5
airnow,44.076365,-123.0369,pm2.5
airnow,43.744352,-122.480487,pm2.5
airnow,43.799501,-123.053487,pm2.5
airnow,44.943114,-123.005934,pm2.5
airnow,45.496641,-122.602877,pm2.5
airnow,45.528501,-122.972398,pm2.5
airnow,45.3992,-122.7455,pm2.5
airnow,39.92002,-77.30968,pm2.5
airnow,40.50084,-80.066488,pm2.5
airnow,40.46542,-79.960757,pm2.5
airnow,40.323768,-79.868062,pm2.5
airnow,40.402328,-79.860973,pm2.5
airnow,40.43743,-79.863572,pm2.5
airnow,40.294341,-79.885331,pm2.5
airnow,40.814183,-79.56475,pm2.5
airnow,40.691857,-80.299211,pm2.5
airnow,40.747796,-80.316442,pm2.5
airnow,40.38335,-75.9686,pm2.5
airnow,40.535278,-78.370833,pm2.5
airnow,41.705226,-76.512726,pm2.5
airnow,40.309722,-78.915,pm2.5
airnow,40.811389,-77.877028,pm2.5
airnow,39.834461,-75.768242,pm2.5
airnow,40.246528,-77.18675,pm2.5
airnow,40.246992,-76.846988,pm2.5
airnow,40.272222,-76.681389,pm2.5
airnow,39.835556,-75.3725,pm2.5
airnow,39.818715,-75.413973,pm2.5
airnow,42.14175,-80.038611,pm2.5
airnow,39.917663,-79.805499,pm2.5
airnow,39.80933,-80.26567,pm2.5
airnow,40.56333,-78.919972,pm2.5
airnow,41.442778,-75.623056,pm2.5
airnow,40.046667,-76.283333,pm2.5
airnow,40.043833,-76.1124,pm2.5
airnow,40.338516,-76.394788,pm2.5
airnow,40.611944,-75.4325,pm2.5
airnow,41.266263,-77.231189,pm2.5
airnow,41.215014,-80.484779,pm2.5
airnow,40.112222,-75.309167,pm2.5
airnow,40.628056,-75.341111,pm2.5
airnow,40.008889,-75.09778,pm2.5
airnow,39.991389,-75.080833,pm2.5
airnow,39.922867,-75.186921,pm2.5
airnow,39.960048,-75.142614,pm2.5
airnow,40.054171,-74.985166,pm2.5
airnow,39.988842,-75.207205,pm2.5
airnow,41.867331,-75.686219,pm2.5
airnow,41.644722,-76.939167,pm2.5
airnow,40.146667,-79.902222,pm2.5
airnow,40.445278,-80.420833,pm2.5
airnow,40.268963,-80.243995,pm2.5
airnow,40.304694,-79.505667,pm2.5
airnow,41.605244,-75.95774,pm2.5
airnow,39.965278,-76.699444,pm2.5
airnow,41.615237,-71.72,pm2.5
airnow,41.807469,-71.412968,pm2.5
airnow,41.874668,-71.379971,pm2.5
airnow,41.771987,-71.427881,pm2.5
airnow,41.841039,-71.36097,pm2.5
airnow,41.49511,-71.423705,pm2.5
airnow,32.84755,-79.96516,pm2.5
airnow,32.941023,-79.657187,pm2.5
airnow,34.615367,-80.198787,pm2.5
airnow,33.739963,-81.853635,pm2.5
airnow,34.214263,-79.767347,pm2.5
airnow,34.843895,-82.414585,pm2.5
airnow,33.8005,-78.9941,pm2.5
airnow,34.093959,-80.962304,pm2.5
airnow,34.075687,-81.124988,pm2.5
airnow,34.955566,-81.924797,pm2.5
airnow,34.9127,-80.8745,pm2.5
airnow,44.348604,-96.807299,pm2.5
airnow,45.468596,-98.494061,pm2.5
airnow,42.78943,-96.90383,pm2.5
airnow,44.89965,-97.128802,pm2.5
airnow,43.55764,-103.48386,pm2.5
airnow,44.373786,-100.287269,pm2.5
airnow,43.74561,-101.941218,pm2.5
airnow,43.59901,-96.78331,pm2.5
airnow,44.087397,-103.273777,pm2.5
airnow,35.768847,-83.942152,pm2.5
airnow,36.176382,-86.7389,pm2.5
airnow,36.1424,-86.7341,pm2.5
airnow,36.05266,-89.382157,pm2.5
airnow,35.050918,-85.293019,pm2.5
airnow,35.980675,-83.925773,pm2.5
airnow,35.978074,-83.950666,pm2.5
airnow,36.019186,-83.87381,pm2.5
airnow,35.116878,-87.419725,pm2.5
airnow,35.721095,-84.343035,pm2.5
airnow,35.450115,-84.596195,pm2.5
airnow,35.705319,-88.81964,pm2.5
airnow,35.65188,-87.0096,pm2.5
airnow,36.611411,-87.384666,pm2.5
airnow,36.185702,-85.492107,pm2.5
airnow,35.939078,-84.542802,pm2.5
airnow,35.151699,-89.850249,pm2.5
airnow,36.538761,-82.521599,pm2.5
airnow,36.29756,-86.653137,pm2.5
airnow,29.162997,-98.589158,pm2.5
airnow,31.122419,-97.431052,pm2.5
airnow,29.51509,-98.620166,pm2.5
airnow,29.275381,-98.311692,pm2.5
airnow,29.423937,-98.580511,pm2.5
airnow,29.529432,-98.391403,pm2.5
airnow,29.635,-98.4177,pm2.5
airnow,33.436111,-94.07778,pm2.5
airnow,30.628333,-96.362777,pm2.5
airnow,29.30265,-103.17781,pm2.5
airnow,25.900911,-97.507783,pm2.5
airnow,26.0711,-97.1577,pm2.5
airnow,32.774262,-96.797686,pm2.5
airnow,32.820061,-96.860117,pm2.5
airnow,33.219069,-97.196284,pm2.5
airnow,31.870259,-102.334745,pm2.5
airnow,31.765685,-106.455227,pm2.5
airnow,31.746775,-106.402806,pm2.5
airnow,31.6675,-106.288,pm2.5
airnow,29.254474,-94.861289,pm2.5
airnow,29.901036,-95.326137,pm2.5
airnow,29.828086,-95.284096,pm2.5
airnow,29.695729,-95.499219,pm2.5
airnow,29.770698,-95.031232,pm2.5
airnow,29.723333,-95.635833,pm2.5
airnow,29.767997,-95.220582,pm2.5
airnow,29.733726,-95.257593,pm2.5
airnow,29.670025,-95.128508,pm2.5
airnow,29.583047,-95.015544,pm2.5
airnow,29.81453,-95.38769,pm2.5
airnow,32.669001,-94.167468,pm2.5
airnow,26.226343,-98.29085,pm2.5
airnow,26.288622,-98.152066,pm2.5
airnow,29.922894,-93.909018,pm2.5
airnow,29.863957,-94.317802,pm2.5
airnow,32.564968,-96.317687,pm2.5
airnow,27.422433,-97.300869,pm2.5
airnow,33.58553,-101.78698,pm2.5
airnow,28.704607,-100.451156,pm2.5
airnow,30.350302,-95.425128,pm2.5
airnow,32.031934,-96.399141,pm2.5
airnow,27.804489,-97.431553,pm2.5
airnow,27.811817,-97.465703,pm2.5
airnow,30.194167,-93.866944,pm2.5
airnow,35.201592,-101.909275,pm2.5
airnow,35.236736,-101.787405,pm2.5
airnow,32.80581,-97.356529,pm2.5
airnow,32.759154,-97.342332,pm2.5
airnow,32.664753,-97.337917,pm2.5
airnow,30.354944,-97.761803,pm2.5
airnow,30.263204,-97.712891,pm2.5
airnow,30.35386,-97.69166,pm2.5
airnow,27.599444,-99.533333,pm2.5
airnow,41.485007,-112.021476,pm2.5
airnow,41.842649,-111.852199,pm2.5
airnow,39.59575,-110.770111,pm2.5
airnow,40.902967,-111.884467,pm2.5
airnow,40.294178,-110.009732,pm2.5
airnow,38.566055,-109.53716,pm2.5
airnow,37.74743,-113.055525,pm2.5
airnow,40.598056,-111.894167,pm2.5
airnow,40.736389,-111.872222,pm2.5
airnow,40.78422,-111.931,pm2.5
airnow,40.496392,-112.036298,pm2.5
airnow,40.709762,-112.00876,pm2.5
airnow,40.777145,-111.945849,pm2.5
airnow,40.807897,-112.087717,pm2.5
airnow,40.766528,-111.82835,pm2.5
airnow,40.662961,-111.901851,pm2.5
airnow,40.60055,-112.35578,pm2.5
airnow,40.46471,-109.561472,pm2.5
airnow,40.341389,-111.713611,pm2.5
airnow,40.136378,-111.657936,pm2.5
airnow,40.497962,-111.39763,pm2.5
airnow,37.179125,-113.305096,pm2.5
airnow,41.303614,-111.987871,pm2.5
airnow,42.88759,-73.24984,pm2.5
airnow,44.52839,-72.86884,pm2.5
airnow,44.4762,-73.2106,pm2.5
airnow,43.608056,-72.982778,pm2.5
airnow,38.07657,-78.50397,pm2.5
airnow,37.34438,-77.25925,pm2.5
airnow,37.35748,-77.59355,pm2.5
airnow,38.77335,-77.10468,pm2.5
airnow,38.76835,-77.18347,pm2.5
airnow,39.28102,-78.08157,pm2.5
airnow,37.55652,-77.40027,pm2.5
airnow,39.02473,-77.48925,pm2.5
airnow,38.5231,-78.43471,pm2.5
airnow,37.28342,-79.88452,pm2.5
airnow,38.47753,-78.81952,pm2.5
airnow,37.103733,-76.387017,pm2.5
airnow,36.85555,-76.30135,pm2.5
airnow,37.59088,-77.46925,pm2.5
airnow,36.841883,-76.181233,pm2.5
airnow,45.64336,-122.58737,pm2.5
airnow,47.597222,-122.319722,pm2.5
airnow,47.55975,-122.338265,pm2.5
airnow,47.498535,-122.278385,pm2.5
airnow,47.568236,-122.308628,pm2.5
airnow,47.592675,-122.627397,pm2.5
airnow,46.99364,-120.545,pm2.5
airnow,48.165311,-118.9848,pm2.5
airnow,48.39999,-119.51896,pm2.5
airnow,47.22634,-122.46256,pm2.5
airnow,47.1864,-122.4517,pm2.5
airnow,47.2656,-122.3858,pm2.5
airnow,48.52059,-122.61428,pm2.5
airnow,48.2469,-121.6031,pm2.5
airnow,47.893611,-122.269722,pm2.5
airnow,48.054315,-122.171529,pm2.5
airnow,47.663962,-117.257654,pm2.5
airnow,48.544448,-117.903425,pm2.5
airnow,48.760036,-122.456463,pm2.5
airnow,46.31932,-119.999677,pm2.5
airnow,46.598052,-120.512283,pm2.5
airnow,46.38024,-120.33266,pm2.5
airnow,40.394651,-80.611813,pm2.5
airnow,38.410242,-82.432436,pm2.5
airnow,40.427372,-80.592318,pm2.5
airnow,38.346258,-81.621161,pm2.5
airnow,39.915961,-80.733858,pm2.5
airnow,46.60234,-90.65615,pm2.5
airnow,44.50729,-87.99344,pm2.5
airnow,43.10101,-89.35768,pm2.5
airnow,43.0733,-89.4358,pm2.5
airnow,43.46611,-88.62111,pm2.5
airnow,44.76249,-91.41445,pm2.5
airnow,45.56498,-88.80859,pm2.5
airnow,42.69302,-90.69813,pm2.5
airnow,44.334686,-90.792025,pm2.5
airnow,42.50472,-87.8093,pm2.5
airnow,44.70735,-89.77192,pm2.5
airnow,43.01724,-87.93369,pm2.5
airnow,42.93257,-87.93434,pm2.5
airnow,44.020855,-90.40164,pm2.5
airnow,44.30738,-88.39509,pm2.5
airnow,43.4983,-87.8102,pm2.5
airnow,43.4351,-89.67979,pm2.5
airnow,43.020075,-88.21507,pm2.5
airnow,41.308825,-105.54913,pm2.5
airnow,44.288005,-105.517022,pm2.5
airnow,42.529999,-108.720003,pm2.5
airnow,43.081667,-107.549444,pm2.5
airnow,42.842168,-108.736281,pm2.5
airnow,41.08536,-104.52277,pm2.5
airnow,41.182227,-104.778334,pm2.5
airnow,41.783083,-110.53788,pm2.5
airnow,42.82231,-106.36501,pm2.5
airnow,44.524568,-109.06926,pm2.5
airnow,44.815142,-106.955933,pm2.5
airnow,44.803888,-106.961388,pm2.5
airnow,42.869824,-109.87076,pm2.5
airnow,41.592536,-109.220852,pm2.5
airnow,41.588856,-109.237842,pm2.5
airnow,43.45776,-110.79799,pm2.5
airnow,44.373056,-110.830833,pm2.5
airnow,44.007919,-107.956965,pm2.5
airnow,18.420089,-66.150615,pm2.5
airnow,31.291293,-110.951513,pm2.5
airnow,40.41883,-105.12796,no2
airnow,42.767786,-86.148577,no2
airnow,38.940794,-94.578508,no2
airnow,41.705226,-76.512726,no2
airnow,29.485125,-98.531422,no2
airnow,47.55975,-122.338265,no2
airnow,43.274208,-107.691767,no2
airnow,40.41883,-105.12796,ozone
airnow,27.75704,-82.6618,ozone
airnow,42.021314,-88.282985,ozone
airnow,38.9349,-95.2309,ozone
airnow,37.771671,-87.055819,ozone
airnow,37.714513,-85.878227,ozone
airnow,40.915555,-98.378888,ozone
airnow,34.745832,-98.967698,ozone
airnow,33.880812,-97.275896,ozone
airnow,43.274208,-107.691767,ozone
airnow,33.578333,-86.773889,pm2.5
airnow,64.84569,-147.727413,pm2.5
airnow,37.26842,-107.009659,pm2.5
airnow,38.43829,-105.24504,pm2.5
airnow,40.485201,-106.831625,pm2.5
airnow,37.937872,-107.813061,pm2.5
airnow,27.75704,-82.6618,pm2.5
airnow,28.090299,-82.700707,pm2.5
airnow,41.670992,-87.732457,pm2.5
airnow,41.687165,-87.539315,pm2.5
airnow,41.7514,-87.713488,pm2.5
airnow,41.782766,-87.805377,pm2.5
airnow,41.864426,-87.748902,pm2.5
airnow,38.700632,-90.144763,pm2.5
airnow,37.988682,-87.531381,pm2.5
airnow,37.714513,-85.878227,pm2.5
airnow,37.89147,-84.58825,pm2.5
airnow,39.310833,-76.474444,pm2.5
airnow,42.26381,-71.405658,pm2.5
airnow,42.099699,-71.619399,pm2.5
airnow,45.008297,-93.277041,pm2.5
airnow,38.940794,-94.578508,pm2.5
airnow,47.029396,-122.821548,pm2.5
airnow,43.274208,-107.691767,pm2.5
airnow,43.02421,-108.3637,pm2.5